 ;1960;1961;1962;1963;1964;1965;1966;;1967;1968;1969;1970;1971;1972;1973;1974;1975;1976;1977;1978;1979;1980;1981;1982;1983;1984;1985;1986;1987;1988;1989;1990;1991;1992;1993;1994;1995;1996;1997;1998;1999;2000;2001;2002;2003;2004;2005;2006;2007;2008;2009;2010;2011;2012;2013;2014;2015;2016;2017;2018;2019;2020;2021;2022;2023
Afghanistan;62.4;62.4;61.0;82.0;85.5;105.2;143.1;;167.2;134.0;134.3;162.6;166.2;141.4;149.7;181.6;194.7;205.7;232.8;255.0;284.8;291.6;311.9;..;..;..;..;..;..;..;..;..;..;..;..;..;..;..;..;..;..;..;..;182.2;199.6;221.8;254.1;274.0;376.3;382.5;453.4;562.5;608.7;653.4;638.7;626.5;566.9;523.1;526.1;492.1;497.7;512.1;355.8;..;..
Albania;..;..;..;..;..;..;..;;..;..;..;..;..;..;..;..;..;..;..;..;..;..;..;..;..;639.5;639.9;693.9;674.8;652.8;698.0;617.2;336.6;200.9;367.3;586.4;750.6;1,010.0;717.4;813.8;1,033.2;1,126.7;1,281.7;1,425.1;1,846.1;2,373.6;2,673.8;2,972.7;3,595.0;4,370.5;4,114.1;4,094.3;4,437.1;4,247.6;4,413.1;4,578.6;3,952.8;4,124.1;4,531.0;5,287.7;5,396.2;5,343.0;6,377.2;6,810.1;..
Algeria;239.0;209.9;169.9;225.8;238.9;253.3;241.0;;261.4;292.0;315.6;352.5;359.8;468.6;588.9;871.7;989.4;1,074.4;1,224.0;1,495.2;1,829.9;2,259.7;2,291.8;2,260.3;2,359.6;2,510.0;2,617.7;2,783.4;2,829.9;2,437.4;2,235.3;2,431.6;1,749.3;1,794.6;1,825.9;1,522.8;1,466.5;1,619.5;1,634.5;1,610.3;1,602.9;1,780.4;1,754.6;1,794.8;2,117.0;2,624.8;3,131.3;3,500.1;3,971.8;4,946.6;3,898.5;4,495.9;5,473.3;5,610.7;5,519.8;5,516.2;4,197.4;3,967.2;4,134.9;4,171.8;4,022.0;3,354.2;3,700.3;4,342.6;..
American Samoa;..;..;..;..;..;..;..;;..;..;..;..;..;..;..;..;..;..;..;..;..;..;..;..;..;..;..;..;..;..;..;..;..;..;..;..;..;..;..;..;..;..;..;8,800.7;9,043.7;8,832.8;8,733.0;8,673.9;9,187.2;10,019.5;12,191.6;10,446.9;10,495.3;11,920.1;12,038.9;12,314.0;13,101.5;13,300.8;12,372.9;13,195.9;13,672.6;15,609.8;16,653.7;19,673.4;..
Andorra;..;..;..;..;..;..;..;;..;..;..;3,958.6;4,193.2;4,967.3;6,183.8;7,174.4;7,963.6;7,758.7;8,207.0;9,456.0;12,054.0;12,534.8;10,516.8;9,739.2;8,108.7;7,825.2;7,914.9;10,568.9;12,833.0;14,529.1;15,404.8;19,208.7;19,967.7;21,123.1;17,024.3;16,670.9;18,731.7;19,081.5;18,253.1;18,592.2;18,884.2;21,620.5;22,809.1;24,785.0;31,954.2;37,630.8;39,583.9;43,084.3;50,562.8;53,721.4;49,750.7;48,237.9;51,428.2;44,902.4;44,747.8;45,680.5;38,885.5;39,931.2;40,632.2;42,904.8;41,328.6;37,207.2;42,072.3;41,992.8;..
Angola;..;..;..;..;..;..;..;;..;..;..;..;..;..;..;..;..;..;..;..;..;712.4;643.4;620.7;623.9;637.9;758.1;684.9;756.4;793.4;892.3;949.9;850.6;657.7;466.7;329.7;398.1;454.4;516.1;423.4;387.7;556.9;527.5;872.7;982.8;1,254.7;1,900.7;2,598.0;3,121.3;4,081.7;3,123.7;3,586.7;4,608.2;5,083.8;5,061.3;5,012.0;3,217.3;1,809.7;2,439.4;2,540.5;2,191.3;1,450.9;1,927.5;3,000.4;..
Antigua and Barbuda;..;..;..;..;..;..;..;;..;..;..;..;..;..;..;..;..;..;1,208.7;1,366.1;1,688.3;2,025.5;2,271.8;2,519.8;2,784.7;3,188.0;3,703.8;4,488.2;5,239.5;6,230.5;6,895.4;7,255.4;7,570.0;7,721.8;8,129.1;8,788.0;8,440.0;9,079.5;9,556.8;10,029.5;10,379.2;11,010.2;10,502.9;10,549.7;10,968.9;11,650.8;12,808.0;14,310.7;16,006.1;16,457.1;14,530.6;13,404.5;14,774.0;15,136.8;14,977.1;15,451.5;15,985.5;16,449.1;16,803.9;18,133.8;18,730.0;15,224.9;17,178.5;19,919.7;..
Argentina;..;..;..;..;..;..;..;;..;..;..;..;..;..;..;..;..;..;..;..;..;..;..;..;3,727.0;3,787.5;2,919.3;3,454.3;3,492.7;4,005.2;2,382.3;4,331.0;5,730.7;6,815.3;6,957.4;7,464.5;7,383.7;7,690.2;8,176.8;8,250.7;7,735.3;7,666.5;7,169.0;2,579.5;3,333.2;4,258.2;5,086.6;5,891.0;7,210.6;8,977.5;8,184.4;10,386.0;12,848.7;13,082.7;13,080.3;12,334.8;13,789.1;12,790.3;14,613.0;11,795.2;9,963.7;8,500.8;10,650.9;13,650.6;..
Armenia;..;..;..;..;..;..;..;;..;..;..;..;..;..;..;..;..;..;..;..;..;..;..;..;..;..;..;..;..;..;..;634.6;572.2;356.1;347.5;389.8;441.9;484.1;501.2;584.4;575.6;603.3;676.2;765.3;910.2;1,166.6;1,608.2;2,109.5;3,064.3;3,908.9;2,917.4;3,143.0;3,462.7;3,643.7;3,833.2;4,017.2;3,666.1;3,680.0;4,042.0;4,391.9;4,828.5;4,505.9;4,972.8;7,018.1;..
Aruba;..;..;..;..;..;..;..;;..;..;..;..;..;..;..;..;..;..;..;..;..;..;..;..;..;..;..;6,283.0;7,567.3;9,274.5;10,767.4;11,638.7;12,850.2;13,657.7;14,970.2;16,675.3;17,140.4;17,375.2;18,713.4;19,742.3;19,833.8;21,026.2;20,911.2;21,375.3;22,050.6;24,105.5;24,978.2;25,832.9;27,665.3;29,011.6;25,740.8;24,452.6;26,043.2;25,611.2;26,514.9;26,940.3;28,419.3;28,449.7;29,329.1;30,918.5;31,902.8;24,008.1;29,127.8;33,300.8;..
Australia;1,810.6;1,877.6;1,854.6;1,967.1;2,131.4;2,281.0;2,343.8;;2,580.1;2,724.1;2,991.4;3,304.8;3,495.1;3,949.4;4,770.6;6,482.8;7,003.7;7,486.6;7,775.5;8,252.7;9,294.4;10,208.7;11,853.5;12,778.9;11,515.6;12,421.5;11,441.2;11,391.7;11,650.8;14,284.5;17,834.2;18,248.9;18,859.4;18,623.8;17,699.6;18,129.4;20,448.1;22,021.8;23,646.6;21,479.1;20,712.7;21,870.4;19,695.7;20,301.8;23,718.1;30,836.7;34,479.8;36,595.7;41,051.6;49,701.3;42,816.6;52,147.0;62,609.7;68,078.0;68,198.4;62,558.2;56,758.9;49,918.8;53,954.6;57,273.5;55,049.6;51,868.2;60,697.2;65,099.8;..
Austria;935.5;1,031.8;1,087.8;1,167.0;1,269.4;1,374.5;1,487.0;;1,569.7;1,677.7;1,825.4;2,058.8;2,381.0;2,924.0;3,890.7;4,630.8;5,285.6;5,678.4;6,810.6;8,205.5;9,793.8;10,869.5;9,385.2;9,410.3;9,537.4;8,991.1;9,172.1;13,083.1;16,392.8;17,578.6;17,468.9;21,681.0;22,410.9;24,880.2;24,081.5;25,646.7;30,325.8;29,809.1;26,705.5;27,361.9;27,183.5;24,625.6;24,558.8;26,527.6;32,294.0;36,889.2;38,417.5;40,669.3;46,915.3;51,920.0;48,153.3;46,903.8;51,442.3;48,564.9;50,731.1;51,786.4;44,195.8;45,307.6;47,429.2;51,466.6;50,067.6;48,789.5;53,517.9;52,084.7;..
Azerbaijan;..;..;..;..;..;..;..;;..;..;..;..;..;..;..;..;..;..;..;..;..;..;..;..;..;..;..;..;..;..;..;1,238.3;734.9;60.2;209.5;157.1;314.6;409.2;505.5;561.9;573.9;655.1;703.7;763.1;883.7;1,045.0;1,578.4;2,473.0;3,851.3;5,574.5;4,950.4;5,843.5;7,189.8;7,495.9;7,875.3;7,890.8;5,500.5;3,880.7;4,147.2;4,739.8;4,805.8;4,229.9;5,408.0;7,762.1;..
Bahamas, The;1,483.0;1,581.3;1,680.5;1,792.4;1,921.4;2,073.8;2,246.8;;2,466.5;2,688.9;3,057.3;3,005.8;3,109.0;3,123.5;3,466.1;3,197.7;2,953.2;3,115.5;3,386.6;3,871.3;5,194.5;5,967.8;6,257.8;6,797.8;7,324.2;8,463.5;9,436.2;9,858.3;10,617.4;10,819.3;11,533.3;11,696.5;11,270.0;11,025.9;10,730.0;11,085.1;11,447.0;11,835.4;20,415.7;21,665.4;23,991.7;24,849.6;25,234.1;26,590.1;26,204.9;26,393.4;28,280.9;28,829.8;29,687.9;29,013.6;27,120.7;27,046.7;26,644.9;28,059.4;26,955.8;28,203.4;29,725.0;29,675.5;30,709.0;31,484.0;32,279.0;23,998.3;28,260.4;31,458.3;..
Bahrain;..;..;..;..;..;..;..;;..;..;..;..;..;..;..;..;..;..;..;..;..;8,474.2;9,188.0;9,323.7;9,227.7;9,316.4;8,407.2;6,780.1;7,270.2;7,660.1;7,721.7;8,174.8;8,621.8;8,568.7;9,063.6;9,384.8;9,543.4;9,643.3;9,728.4;9,195.4;9,566.1;12,738.8;12,291.8;12,820.0;14,230.3;15,778.0;17,705.2;19,057.8;20,883.5;23,155.8;19,448.2;21,186.8;23,741.6;25,102.7;25,790.7;25,464.8;22,795.4;22,867.2;24,349.9;25,415.8;25,869.1;23,433.2;26,850.0;30,146.9;..
Bangladesh;84.8;92.9;95.0;96.6;94.9;101.0;106.9;;116.8;116.9;128.6;133.1;128.0;90.7;113.7;171.5;260.4;132.5;123.5;166.0;190.0;216.1;235.0;209.2;193.4;202.3;232.2;221.6;241.8;258.8;274.4;294.9;283.4;285.0;292.4;292.1;322.1;387.4;395.3;402.0;404.5;413.1;410.0;408.0;440.7;469.1;492.8;503.5;552.3;630.1;698.5;776.9;856.4;876.8;973.8;1,108.5;1,236.0;1,660.0;1,815.6;1,963.4;2,122.1;2,233.3;2,457.9;2,688.3;..
Barbados;..;..;..;..;..;..;..;;..;..;..;..;..;..;..;1,268.3;1,627.7;1,755.2;1,983.1;2,202.6;2,656.6;3,992.0;4,374.9;4,552.9;4,818.7;5,235.1;5,465.2;5,990.5;6,589.4;7,005.5;7,753.0;7,772.8;7,789.4;7,520.8;7,905.7;8,220.3;8,452.0;8,994.3;9,491.5;10,685.3;11,173.9;11,560.2;11,510.0;11,658.6;11,998.2;12,828.4;14,173.8;15,595.6;17,219.0;17,551.9;16,309.9;16,494.2;16,902.5;16,704.9;16,923.6;16,964.8;17,023.7;17,381.4;17,881.6;18,271.3;19,063.1;16,882.5;17,507.5;20,238.8;..
Belarus;..;..;..;..;..;..;..;;..;..;..;..;..;..;..;..;..;..;..;..;..;..;..;..;..;..;..;..;..;..;..;..;..;900.5;1,603.3;1,462.0;1,370.5;1,452.5;1,396.7;1,511.3;1,210.6;1,276.3;1,244.4;1,479.4;1,819.5;2,378.3;3,126.1;3,848.2;4,735.5;6,376.2;5,352.5;6,034.7;6,527.7;6,953.2;7,998.1;8,341.3;5,967.1;5,039.8;5,785.5;6,360.1;6,837.8;6,542.9;7,489.7;7,888.3;..
Belgium;1,273.7;1,350.2;1,438.5;1,535.0;1,701.8;1,835.6;1,957.6;;2,086.6;2,222.4;2,458.1;2,765.9;3,082.9;3,831.6;4,901.0;5,733.8;6,701.4;7,243.0;8,426.9;10,289.8;11,810.6;12,864.0;10,622.8;9,343.9;8,846.2;8,457.3;8,750.8;12,170.0;15,135.9;16,391.1;16,525.1;20,600.4;21,041.7;23,372.6;22,283.9;24,208.6;28,413.8;27,489.6;24,820.9;25,338.4;25,252.8;23,098.9;23,015.1;25,006.2;30,655.2;35,429.4;36,809.7;38,705.1;44,319.2;48,303.4;44,760.3;44,184.9;47,410.6;44,670.6;46,758.0;47,764.1;41,008.3;42,012.6;44,198.5;47,545.0;46,641.7;45,609.0;51,850.4;49,926.8;..
Belize;307.1;319.6;331.2;341.4;355.6;382.6;411.3;;425.7;391.9;401.2;441.2;479.9;527.8;616.5;802.1;903.6;727.5;863.9;981.0;1,070.3;1,363.8;1,318.1;1,195.5;1,231.0;1,342.2;1,301.1;1,385.5;1,643.9;1,831.0;2,065.7;2,988.6;3,190.9;3,644.9;3,862.6;3,879.0;4,011.1;4,042.2;4,011.0;4,119.7;4,283.5;4,720.2;4,708.3;4,844.2;4,937.1;5,123.6;5,236.4;5,486.8;5,717.9;5,666.0;5,352.1;5,399.1;5,519.3;5,635.5;5,865.5;6,031.5;6,098.6;6,100.0;6,049.4;6,001.0;6,134.2;5,185.2;6,061.0;6,984.2;..
Benin;90.0;92.4;91.2;96.3;100.5;106.0;108.6;;107.7;112.5;111.7;110.3;108.5;130.0;156.3;168.0;200.3;201.8;211.5;255.4;317.8;366.5;327.6;312.7;262.6;244.8;236.6;293.6;333.2;335.3;301.7;381.8;375.3;310.6;398.6;269.8;358.8;380.6;355.1;372.9;541.7;503.0;508.3;564.4;698.4;784.1;805.9;837.1;944.6;1,098.9;1,061.7;1,009.5;1,099.4;1,112.6;1,214.3;1,251.5;1,041.7;1,049.8;1,095.3;1,194.4;1,170.9;1,240.7;1,360.9;1,302.9;..
Bermuda;1,902.4;1,961.5;2,020.4;2,020.3;2,199.7;2,282.2;2,630.9;;2,982.7;2,830.2;3,053.7;3,387.3;3,866.3;4,343.2;5,009.3;5,853.9;6,509.4;7,261.3;8,370.8;8,876.9;9,613.4;11,218.2;13,426.0;14,166.2;15,902.0;17,469.8;18,269.5;20,450.7;22,411.8;24,253.2;25,517.9;26,841.5;27,700.3;28,669.7;30,900.7;31,476.1;33,989.7;44,826.8;48,478.9;51,371.7;54,245.5;56,284.2;58,884.0;62,583.1;66,111.7;70,359.3;75,882.0;95,221.9;104,287.4;106,935.5;101,407.8;101,875.3;97,774.2;98,431.9;99,471.6;98,467.7;102,005.6;106,885.9;111,820.6;113,050.7;116,153.2;107,791.9;111,774.7;118,774.8;..
Bhutan;..;..;..;..;..;..;..;;..;..;..;..;..;..;..;..;..;..;..;..;..;309.9;324.7;319.9;343.6;341.2;337.0;383.1;472.2;514.7;486.6;515.3;423.3;440.0;433.9;496.8;550.7;564.5;644.1;652.4;699.3;722.8;765.0;841.4;951.7;1,050.1;1,201.4;1,299.6;1,714.0;1,780.1;1,768.7;2,194.1;2,491.3;2,470.1;2,409.4;2,589.9;2,695.6;2,879.5;3,427.2;3,389.8;3,564.6;3,181.3;3,560.2;..;..
Bolivia;100.7;107.3;114.9;121.1;133.7;145.4;157.6;;174.2;193.5;205.2;219.6;231.4;268.3;257.8;419.1;469.2;521.2;602.0;685.4;804.0;775.9;985.6;934.8;884.6;986.8;842.1;607.1;652.7;675.7;678.6;685.9;737.5;763.3;760.1;777.4;856.4;925.8;974.0;1,025.4;981.8;977.3;930.9;888.2;892.4;952.0;1,018.3;1,200.1;1,351.0;1,687.6;1,725.1;1,922.1;2,305.0;2,562.5;2,853.8;3,022.5;2,975.6;3,013.5;3,280.0;3,471.0;3,472.4;3,068.8;3,345.0;3,600.1;..
Bosnia and Herzegovina;..;..;..;..;..;..;..;;..;..;..;..;..;..;..;..;..;..;..;..;..;..;..;..;..;..;..;..;..;..;..;..;..;..;..;333.8;497.7;713.0;907.1;1,000.4;1,128.4;1,332.2;1,382.8;1,602.6;2,031.4;2,451.6;2,741.1;3,170.2;3,936.9;4,846.8;4,542.3;4,506.9;4,980.9;4,688.3;5,025.2;5,197.0;4,654.6;4,917.3;5,327.4;6,024.5;6,094.7;6,095.1;7,230.2;7,568.8;..
Botswana;59.3;62.7;66.4;69.4;74.0;80.2;89.5;;101.3;113.7;131.9;162.5;211.0;262.5;371.4;442.5;487.9;485.4;559.7;695.1;917.6;1,130.3;1,092.7;992.1;1,105.1;1,128.9;979.0;1,180.9;1,610.4;2,096.7;2,369.1;2,825.7;2,855.9;2,918.6;2,845.0;2,832.8;3,064.6;3,064.0;3,100.2;2,893.3;3,242.1;3,351.7;3,115.7;3,029.8;4,111.7;4,818.2;5,240.3;5,142.9;5,372.3;5,345.8;4,938.2;6,041.7;7,080.8;6,393.0;6,436.6;6,844.0;5,869.7;6,411.6;6,705.3;6,947.8;6,691.2;5,875.1;7,238.8;7,738.9;..
Brazil;..;..;..;..;..;..;..;;..;..;..;..;..;..;..;..;..;..;..;..;..;..;..;..;..;..;..;..;..;..;2,875.6;3,065.2;2,656.5;2,505.4;2,766.3;3,393.1;4,705.0;5,121.9;5,240.1;5,049.8;3,456.4;3,726.8;3,142.2;2,824.7;3,056.6;3,623.2;4,773.3;5,866.0;7,323.2;8,801.8;8,569.9;11,249.3;13,200.6;12,327.5;12,258.6;12,071.4;8,783.2;8,680.7;9,896.7;9,121.0;8,845.3;6,923.7;7,696.8;8,917.7;..
British Virgin Islands;..;..;..;..;..;..;..;;..;..;..;..;..;..;..;..;..;..;..;..;..;..;..;..;..;..;..;..;..;..;..;..;..;..;..;..;..;..;..;..;..;..;..;..;..;..;..;..;..;..;..;..;..;..;..;..;..;..;..;..;..;..;..;..;..
Brunei Darussalam;..;..;..;..;..;1,059.0;1,179.1;;1,181.9;1,310.0;1,259.3;1,343.0;1,424.5;1,882.2;2,905.4;6,957.2;7,317.8;8,621.1;10,159.0;11,020.7;15,409.8;26,228.1;22,494.9;21,254.1;18,526.3;17,619.3;15,863.3;10,262.9;11,587.5;10,949.8;11,762.4;13,440.7;13,717.4;15,080.7;14,420.6;14,000.4;15,828.0;16,706.5;16,593.4;12,653.8;14,065.7;17,971.9;16,437.4;16,817.2;18,521.4;21,839.3;25,991.2;30,767.8;32,337.3;37,427.5;27,497.5;34,609.7;46,139.1;46,844.2;43,950.0;41,035.8;30,681.4;26,762.0;28,187.0;31,240.5;30,748.3;27,179.4;31,448.9;37,152.5;..
Bulgaria;..;..;..;..;..;..;..;;..;..;..;..;..;..;..;..;..;..;..;..;..;2,238.8;2,234.8;2,169.0;1,852.8;1,963.6;1,914.6;2,260.4;3,132.3;2,511.4;2,477.0;2,366.5;1,267.7;1,212.0;1,278.5;1,148.5;2,259.3;1,470.2;1,361.4;1,820.4;1,659.7;1,621.3;1,770.9;2,093.0;2,719.5;3,389.7;3,899.8;4,523.1;5,888.8;7,271.3;6,988.3;6,863.7;7,857.2;7,430.7;7,687.7;7,912.3;7,078.9;7,570.9;8,381.9;9,447.7;9,874.3;10,148.3;12,219.3;13,974.4;..
Burkina Faso;69.1;72.2;77.1;78.8;80.8;82.0;82.8;;84.6;84.9;86.7;81.7;84.5;99.7;114.2;124.8;153.1;155.8;176.3;224.3;259.0;278.2;249.3;239.6;212.5;188.3;194.6;248.1;281.0;302.0;294.0;339.6;334.8;349.7;325.2;187.8;229.8;243.5;224.6;250.4;293.9;249.8;260.4;286.8;363.8;405.5;442.9;457.3;516.8;621.9;603.9;627.3;727.6;734.0;762.3;767.4;632.1;665.8;711.2;779.2;765.2;823.6;888.8;830.0;..
Burundi;71.4;72.1;73.9;78.9;86.0;51.0;51.8;;54.5;54.6;55.5;69.4;70.6;69.0;85.2;94.3;112.3;117.1;139.4;151.1;189.1;213.3;215.8;220.2;229.1;203.9;232.4;238.4;219.4;205.3;207.3;206.4;208.7;188.6;169.0;165.6;168.6;146.5;164.2;148.1;130.8;138.0;135.6;124.1;114.4;128.5;151.2;166.3;170.7;194.7;204.5;222.7;236.5;238.2;241.5;257.8;289.4;242.5;244.1;232.1;217.0;216.8;221.2;259.0;..
Cabo Verde;..;..;..;..;..;..;..;;..;..;..;..;..;..;..;..;..;..;..;..;..;448.4;433.6;431.0;418.4;393.5;405.2;553.8;674.6;748.3;746.8;841.8;858.1;935.1;1,251.9;1,012.3;1,184.2;1,192.3;1,139.2;1,185.6;1,317.6;1,176.7;1,208.5;1,311.2;1,694.0;1,900.9;1,972.8;2,220.1;3,268.3;3,839.9;3,592.3;3,501.0;3,880.1;3,583.5;3,757.7;3,739.3;3,169.1;3,312.7;3,534.3;3,860.5;3,903.1;3,126.4;3,398.2;3,754.3;..
Cambodia;115.0;113.5;114.0;123.2;129.6;140.8;145.1;;149.8;162.6;146.5;107.1;144.8;74.7;102.6;85.1;..;..;..;..;..;..;..;..;..;..;..;..;..;..;..;..;..;..;247.3;262.4;315.1;313.6;301.2;267.4;295.6;301.5;322.9;341.0;364.3;410.1;475.1;539.7;629.9;742.4;734.8;782.7;880.3;950.5;1,015.2;1,098.1;1,170.7;1,281.1;1,400.9;1,533.3;1,671.4;1,577.9;1,625.2;1,759.6;..
Cameroon;120.0;125.5;130.9;132.3;139.8;143.1;146.0;;156.7;170.7;175.1;178.4;186.6;220.0;271.7;299.9;386.2;381.4;435.4;581.9;718.0;783.4;748.8;730.8;743.5;769.0;871.5;1,172.5;1,250.7;1,137.2;993.1;1,077.3;1,005.3;995.3;1,295.9;692.9;822.4;817.2;773.9;789.3;786.8;700.2;707.0;780.3;976.5;1,120.0;1,129.4;1,178.0;1,311.0;1,476.0;1,445.9;1,383.8;1,497.9;1,433.7;1,559.1;1,631.7;1,399.7;1,426.1;1,479.9;1,594.1;1,538.7;1,539.1;1,654.3;1,563.5;..
Canada;2,259.3;2,240.4;2,268.6;2,374.5;2,555.1;2,770.4;3,047.1;;3,217.2;3,462.7;3,764.0;4,135.8;4,535.4;5,106.7;5,858.3;7,056.7;7,536.5;8,838.9;8,949.1;9,154.4;10,077.5;11,208.2;12,379.0;12,527.3;13,477.1;13,930.5;14,170.1;14,521.2;16,377.7;19,012.6;20,794.7;21,525.9;21,846.8;20,950.3;20,186.8;19,997.6;20,679.6;21,297.0;21,901.6;21,024.6;22,315.2;24,271.0;23,822.1;24,255.3;28,300.5;32,143.7;36,382.5;40,504.1;44,659.9;46,710.5;40,876.3;47,562.1;52,223.7;52,669.1;52,635.2;50,956.0;43,596.1;42,315.6;45,129.4;46,548.6;46,374.2;43,562.4;52,515.2;55,522.4;..
Cayman Islands;..;..;..;..;..;..;..;;..;..;..;..;..;..;..;..;..;..;..;..;..;..;..;..;..;..;..;..;..;..;..;..;..;..;..;..;..;..;..;..;..;..;..;..;..;..;..;87,184.5;89,960.7;89,704.2;81,398.3;76,873.2;75,435.6;75,466.1;75,685.4;76,610.6;77,295.8;78,858.3;81,255.1;85,231.8;89,846.3;83,897.5;88,475.6;99,624.9;..
Central African Republic;66.8;72.0;71.4;72.8;78.4;81.4;83.6;;84.8;97.1;93.0;91.5;95.4;106.9;123.5;125.7;165.8;194.6;216.6;258.1;293.2;330.0;284.6;303.3;264.0;252.7;338.7;434.4;459.2;476.0;453.0;512.9;475.3;471.9;414.0;267.0;340.4;299.6;271.1;272.1;273.4;243.9;242.6;253.4;283.7;309.2;317.9;340.4;388.5;446.2;452.9;459.8;515.2;525.9;352.2;394.9;351.9;372.1;414.7;435.9;426.4;435.5;461.1;427.1;..
Chad;103.5;108.2;113.6;115.8;119.8;125.0;127.3;;129.9;128.7;131.2;128.0;134.1;153.1;165.4;163.1;211.7;208.0;220.7;258.2;228.1;234.3;198.9;180.5;171.3;186.8;208.0;208.6;219.5;270.4;252.8;298.4;310.7;298.6;226.9;179.0;209.9;223.2;207.3;226.3;192.3;168.1;200.4;225.9;298.2;460.1;664.6;716.7;806.7;936.5;808.2;896.9;988.2;969.6;980.1;1,017.8;774.4;692.0;662.9;720.3;701.6;643.8;685.7;716.8;..
Channel Islands;..;..;..;..;..;..;..;;..;..;..;..;..;..;..;..;..;..;..;..;..;..;..;..;..;..;..;..;..;..;..;..;..;..;..;..;..;..;..;41,229.0;43,247.7;44,318.2;42,678.3;45,279.6;49,428.3;57,200.5;58,550.7;63,665.3;75,148.3;..;..;..;..;..;..;..;..;58,094.0;57,683.9;62,316.2;61,281.3;57,339.5;67,960.7;..;..
Chile;504.8;580.9;663.6;645.9;675.8;679.1;781.8;;756.7;757.7;865.7;931.1;1,089.3;1,166.4;1,632.4;1,547.8;716.3;956.8;1,273.1;1,435.8;1,929.0;2,531.6;2,965.4;1,654.0;1,700.2;1,619.4;1,437.4;1,510.0;1,750.3;2,015.9;2,280.3;2,483.6;2,790.6;3,334.0;3,520.9;4,011.0;5,094.4;5,376.8;5,789.7;5,467.2;4,980.0;5,103.0;4,610.6;4,477.2;4,823.3;6,185.3;7,560.5;9,418.3;10,456.8;10,797.0;10,204.6;12,764.6;14,637.8;15,397.8;15,842.2;14,675.2;13,567.4;13,788.2;15,034.1;15,820.0;14,632.7;13,173.8;16,240.6;15,355.5;..
China;89.5;75.8;70.9;74.3;85.5;98.5;104.3;;96.6;91.5;100.1;113.2;118.7;131.9;157.1;160.1;178.3;165.4;185.4;228.5;272.1;312.0;291.4;281.5;297.8;302.6;294.8;281.7;301.7;370.2;407.9;347.6;359.2;423.3;525.4;473.5;609.6;709.4;781.7;828.6;873.3;959.4;1,053.1;1,148.5;1,288.6;1,508.7;1,753.4;2,099.2;2,694.0;3,468.3;3,832.2;4,550.5;5,614.4;6,300.6;7,020.4;7,636.1;8,016.4;8,094.4;8,817.0;9,905.4;10,143.9;10,408.7;12,617.5;12,720.2;..
Colombia;257.0;280.6;296.9;281.0;336.7;315.2;288.6;;301.1;299.9;316.3;344.3;365.3;396.0;460.6;540.2;559.7;641.6;796.6;930.4;1,092.3;1,276.0;1,358.5;1,421.9;1,381.1;1,333.4;1,189.9;1,166.3;1,188.6;1,254.5;1,238.6;1,467.5;1,491.9;1,720.6;1,920.4;2,314.9;2,571.5;2,652.1;2,860.0;2,595.5;2,236.1;2,546.9;2,465.0;2,421.2;2,305.2;2,811.5;3,448.5;3,782.6;4,762.1;5,534.7;5,246.0;6,392.8;7,392.9;8,096.8;8,263.6;8,167.5;6,228.7;5,936.3;6,450.0;6,782.0;6,436.5;5,304.3;6,182.7;6,624.2;..
Comoros;..;..;..;..;..;..;..;;..;..;..;..;..;..;..;..;..;..;..;..;..;646.4;580.9;530.2;538.1;505.1;523.7;723.2;850.4;873.6;813.8;996.5;958.9;1,009.7;977.5;674.1;823.7;801.3;721.6;717.3;726.5;654.2;691.0;761.9;959.2;1,090.4;1,103.2;1,155.1;1,289.8;1,454.7;1,409.1;1,384.1;1,526.8;1,484.0;1,596.0;1,608.7;1,322.9;1,357.3;1,414.6;1,531.3;1,510.8;1,519.6;1,577.5;1,484.9;..
Congo, Dem. Rep.;..;..;..;..;..;..;..;;..;..;..;..;..;..;..;..;..;..;..;..;..;..;..;..;..;316.6;194.1;253.5;219.3;272.8;253.3;259.2;..;230.9;272.1;140.2;130.4;130.8;135.9;135.5;99.8;392.6;148.4;168.9;168.0;187.9;211.6;247.5;277.6;317.9;290.2;324.8;376.4;412.8;444.9;472.3;482.1;456.0;451.1;546.2;575.9;524.7;577.0;653.7;..
Congo, Rep.;124.8;140.0;149.7;150.7;158.1;164.3;177.6;;185.7;190.9;195.5;196.8;223.7;276.5;353.8;370.4;472.1;453.1;448.5;503.0;670.4;932.5;1,065.7;1,130.3;1,074.5;1,095.8;1,047.7;870.3;1,049.8;981.9;1,030.4;1,173.3;1,111.0;1,163.5;1,034.8;662.9;771.6;902.0;807.9;663.7;780.6;1,030.0;859.4;910.9;1,023.1;1,314.4;1,810.6;2,116.9;2,219.9;2,848.7;2,283.9;2,962.8;3,415.1;3,753.9;3,719.7;3,623.8;2,455.3;2,107.5;2,227.7;2,715.2;2,508.9;2,011.3;2,540.5;2,649.2;..
Costa Rica;377.0;351.2;331.1;341.6;349.9;370.0;391.2;;410.0;440.6;472.7;530.7;565.3;633.2;762.1;809.7;928.5;1,113.0;1,380.5;1,541.1;1,717.8;2,001.2;1,057.4;1,021.9;1,199.9;1,357.6;1,414.1;1,551.7;1,549.9;1,537.5;1,705.4;1,808.5;2,221.5;2,578.0;2,814.0;3,005.5;3,240.7;3,194.1;3,373.4;3,580.9;3,653.8;3,773.0;3,941.6;4,021.4;4,123.5;4,376.1;4,643.5;5,188.4;6,055.1;6,841.9;6,737.9;8,147.2;9,137.5;9,971.7;10,633.3;10,737.7;11,530.0;11,899.8;12,118.1;12,383.1;12,669.3;12,179.3;12,604.0;13,365.4;..
Cote d'Ivoire;147.3;160.7;161.4;183.1;213.1;204.7;219.2;;223.0;253.7;259.1;265.7;277.0;309.3;400.9;468.8;568.1;652.7;844.8;1,025.9;1,143.4;1,225.4;978.1;845.7;736.7;711.1;700.3;888.3;946.0;928.6;851.2;906.4;848.3;868.7;829.5;602.3;769.3;1,220.1;1,176.9;1,237.1;1,154.5;986.8;974.8;1,021.0;1,173.1;1,267.8;1,267.1;1,303.6;1,451.2;1,683.3;1,638.8;1,654.2;1,701.7;1,649.3;1,903.1;2,124.0;1,941.6;1,999.2;2,113.3;2,295.5;2,290.8;2,349.1;2,613.4;2,486.4;..
Croatia;..;..;..;..;..;..;..;;..;..;..;..;..;..;..;..;..;..;..;..;..;..;..;..;..;..;..;..;..;..;..;..;..;..;..;..;4,930.3;5,298.9;5,330.3;5,711.5;5,267.5;4,952.4;5,364.0;6,219.5;8,192.3;9,723.4;10,446.4;11,505.4;13,762.5;15,898.8;14,421.2;13,693.5;14,655.9;13,439.7;13,979.2;14,001.2;12,098.5;12,579.9;13,592.3;15,040.0;15,120.9;14,269.9;17,809.0;18,570.4;..
Cuba;..;..;..;..;..;..;..;;..;..;..;641.9;766.1;887.2;1,074.2;1,211.7;1,369.2;1,436.3;1,468.7;1,834.0;2,003.6;2,030.0;2,046.0;2,114.6;2,223.9;2,388.3;2,258.4;2,366.9;2,441.6;2,633.8;2,567.0;2,695.6;2,269.6;2,048.1;2,063.2;2,613.0;2,784.9;2,282.0;2,306.4;2,332.5;2,562.3;2,752.2;2,844.2;3,007.2;3,205.7;3,403.3;3,791.9;4,336.9;4,814.9;4,992.8;5,094.4;5,275.5;6,106.0;6,467.3;6,814.2;7,117.5;7,683.7;8,055.9;8,543.3;8,831.9;9,139.4;9,499.6;..;..;..
Curacao;..;..;..;..;..;..;..;;..;..;..;..;..;..;..;..;..;..;..;..;..;..;..;..;..;..;..;..;..;..;..;..;..;..;..;..;..;..;..;..;..;..;..;..;..;..;..;..;..;..;..;..;19,426.3;19,809.8;19,721.3;19,623.0;19,361.8;18,944.1;18,938.2;19,119.1;19,220.7;16,356.1;17,980.0;20,501.8;..
Cyprus;..;..;..;..;..;..;..;;..;..;..;..;..;..;..;..;976.3;1,157.4;1,476.3;1,929.4;2,559.3;4,232.0;4,033.2;4,122.8;4,091.0;4,258.7;4,488.3;5,642.6;6,690.6;7,645.6;8,038.9;9,641.6;9,696.1;11,310.1;10,526.1;11,617.7;15,261.4;15,139.2;14,234.2;15,092.8;15,287.9;14,388.3;14,821.4;16,093.2;20,252.2;23,792.6;24,959.3;26,729.3;31,244.9;35,397.4;32,109.2;31,023.3;32,395.8;28,910.7;27,727.5;27,162.3;23,408.4;24,605.3;26,608.7;29,335.0;29,420.0;28,281.4;32,745.8;32,048.2;..
Czechia;..;..;..;..;..;..;..;;..;..;..;..;..;..;..;..;..;..;..;..;..;..;..;..;..;..;..;..;..;..;..;3,941.5;2,896.6;3,372.9;3,956.2;4,630.6;5,824.1;6,532.8;6,034.5;6,489.7;6,337.4;6,029.0;6,637.0;8,060.9;9,818.6;11,749.9;13,430.7;15,261.8;18,466.5;22,804.6;19,861.7;19,960.1;21,871.3;19,870.8;20,133.2;19,890.9;17,829.7;18,575.2;20,636.2;23,424.5;23,664.8;22,992.9;26,822.5;27,226.6;..
Denmark;..;..;..;..;..;..;2,487.1;;2,700.7;2,776.1;3,151.1;3,464.5;3,845.5;4,654.3;6,119.4;6,770.8;7,999.1;8,787.6;9,783.9;11,826.0;13,752.0;13,883.9;12,081.8;11,804.4;11,857.9;11,562.9;12,253.1;17,201.1;21,340.7;22,527.0;21,901.1;26,891.4;27,011.4;29,569.7;27,598.0;29,995.6;35,351.4;35,650.7;32,835.9;33,368.1;33,440.8;30,743.5;30,751.7;33,228.7;40,458.8;46,511.6;48,799.8;52,027.0;58,487.1;64,322.1;58,163.3;58,041.4;61,753.6;58,507.5;61,191.2;62,549.0;53,254.9;54,664.0;57,610.1;61,591.9;59,593.0;60,836.6;69,268.7;67,790.1;..
Djibouti;..;..;..;..;..;..;..;;..;..;..;..;..;..;..;..;..;..;..;..;..;..;..;..;..;..;851.0;..;825.5;820.6;785.3;783.7;735.7;767.1;762.5;788.6;790.5;766.3;752.7;740.0;745.2;742.9;747.8;749.1;771.4;813.9;852.9;907.8;980.0;1,131.6;1,164.3;1,227.8;1,322.7;1,418.5;2,102.2;2,239.1;2,409.3;2,545.7;2,655.7;2,755.8;2,876.0;2,921.7;3,062.6;3,136.1;..
Dominica;..;..;..;..;..;..;..;;..;..;..;..;..;..;..;..;..;..;635.9;788.2;756.1;997.6;1,125.8;1,232.7;1,365.2;1,517.4;1,669.0;1,897.9;2,144.8;2,430.6;2,645.8;2,899.1;3,178.5;3,386.7;3,549.7;3,820.5;3,967.0;4,225.9;4,386.0;4,676.8;4,829.2;4,879.1;4,991.8;4,881.1;5,016.1;5,354.8;5,304.1;5,677.1;6,126.8;6,661.5;7,110.0;7,182.4;7,288.5;7,054.9;7,240.7;7,502.1;7,724.0;8,223.0;7,408.1;7,833.2;8,561.6;7,003.5;7,668.2;8,351.2;..
Dominican Republic;203.9;191.9;234.0;258.8;273.3;229.6;246.8;;251.8;255.1;282.7;331.9;362.3;420.6;483.3;587.7;704.8;754.8;855.0;861.5;977.4;1,174.7;1,284.8;1,374.5;1,500.0;1,845.6;786.0;934.1;870.7;786.4;958.0;992.2;1,349.8;1,562.5;1,726.6;1,896.0;2,114.1;2,276.7;2,456.1;2,616.7;2,631.7;2,845.8;2,953.2;3,085.5;2,399.5;2,468.4;3,903.8;4,080.0;4,676.1;5,053.3;5,002.2;5,509.6;5,859.4;6,049.5;6,171.3;6,533.7;6,838.9;7,191.1;7,513.5;7,947.2;8,173.3;7,167.9;8,476.7;10,111.2;..
Ecuador;448.1;369.1;310.4;362.4;433.0;447.2;442.0;;451.3;443.2;519.0;463.8;433.7;487.6;579.1;954.9;1,088.1;1,244.7;1,468.9;1,545.8;1,789.2;2,197.9;2,611.3;2,324.8;1,950.1;1,874.4;1,853.1;1,613.7;1,433.3;1,309.1;1,360.5;1,458.3;1,589.8;1,657.9;1,701.2;2,001.2;2,113.3;2,142.3;2,349.2;2,293.7;1,582.8;1,451.5;1,904.8;2,184.2;2,438.3;2,703.6;3,014.3;3,340.8;3,579.0;4,260.4;4,240.7;4,640.2;5,202.7;5,678.5;6,050.4;6,374.6;6,130.6;6,079.1;6,246.4;6,321.3;6,233.3;5,645.2;5,965.1;6,391.3;..
Egypt, Arab Rep.;..;..;..;..;..;160.6;167.0;;173.0;178.7;191.9;231.2;242.1;256.0;272.0;243.3;300.0;335.8;354.9;356.3;422.7;495.3;493.0;600.0;653.9;697.9;780.5;802.2;765.6;644.2;712.9;751.2;637.9;697.7;758.8;826.7;937.5;1,031.5;1,170.8;1,239.4;1,297.6;1,398.9;1,327.1;1,144.5;1,056.9;1,016.3;1,133.1;1,332.3;1,586.5;1,941.9;2,212.2;2,509.8;2,645.6;3,059.1;3,088.9;3,196.9;3,370.4;3,331.6;2,440.0;2,531.2;3,017.3;3,571.6;3,886.7;4,295.4;..
El Salvador;..;..;..;..;..;276.1;284.6;;291.0;293.3;297.2;313.0;319.9;332.7;370.7;418.1;462.2;558.8;691.1;719.6;781.3;792.6;755.6;739.0;747.7;765.7;779.3;758.8;781.1;810.4;829.5;897.6;961.8;1,047.0;1,186.3;1,348.9;1,552.1;1,653.6;1,749.5;1,858.4;1,904.9;1,977.8;2,051.2;2,106.7;2,197.5;2,274.0;2,434.3;2,651.4;2,814.6;2,964.2;2,889.7;3,017.3;3,305.0;3,471.1;3,555.2;3,638.5;3,761.5;3,870.3;3,986.0;4,145.9;4,280.3;3,961.7;4,664.3;5,127.3;..
Equatorial Guinea;..;..;32.9;38.3;44.0;219.5;229.2;;234.5;214.1;210.8;209.3;208.2;214.3;272.4;324.1;368.2;375.6;383.2;..;..;179.3;123.7;140.3;132.0;140.6;164.2;192.3;225.1;232.9;196.8;240.8;229.6;268.7;261.5;186.7;253.0;399.0;730.4;588.6;948.2;1,527.1;2,031.4;2,395.8;3,146.5;5,337.6;9,502.9;11,140.2;13,776.9;19,849.7;14,398.8;14,905.5;18,659.4;18,756.4;17,644.6;16,804.9;9,789.0;8,035.3;8,410.4;8,719.2;7,317.4;6,198.9;7,406.1;7,182.3;..
Eritrea;..;..;..;..;..;..;..;;..;..;..;..;..;..;..;..;..;..;..;..;..;..;..;..;..;..;..;..;..;..;..;..;..;248.3;236.1;260.3;267.9;306.3;299.6;321.0;292.4;295.2;305.6;286.3;328.0;401.4;387.9;420.5;450.4;459.2;602.1;505.0;643.8;..;..;..;..;..;..;..;..;..;..;..;..
Estonia;..;..;..;..;..;..;..;;..;..;..;..;..;..;..;..;..;..;..;..;..;..;..;..;..;..;..;..;..;..;..;..;..;..;..;..;3,134.4;3,380.9;3,683.0;4,093.4;4,140.9;4,070.6;4,505.9;5,341.6;7,203.5;8,914.1;10,412.6;12,639.4;16,744.6;18,205.0;14,711.7;14,663.0;17,487.8;17,403.2;19,056.0;20,261.1;17,402.0;18,295.3;20,437.8;23,165.8;23,424.5;23,595.2;27,943.7;28,247.1;..
Ethiopia;..;..;..;..;..;..;..;;..;..;..;..;..;..;..;..;..;..;..;..;..;..;204.5;207.1;224.1;206.5;235.3;237.6;245.7;245.1;248.4;254.3;269.6;201.7;164.2;124.6;133.3;144.0;140.3;123.8;118.3;123.0;119.3;110.5;117.9;134.5;160.1;191.8;240.3;320.9;373.9;335.4;348.0;458.6;490.8;557.5;630.3;705.6;755.8;758.3;840.4;918.7;925.0;1,027.6;..
Faroe Islands;..;..;..;..;..;1,594.5;1,748.7;;1,778.6;1,732.3;1,844.4;2,210.9;2,553.2;3,036.2;4,056.7;4,896.1;5,597.5;6,588.2;8,384.5;9,480.1;10,553.1;11,451.1;10,461.2;10,054.5;10,893.6;9,438.5;10,078.1;14,972.8;19,074.1;20,626.0;18,360.4;20,236.4;19,424.3;19,838.5;16,874.2;17,192.9;20,577.7;22,419.2;20,985.8;24,623.7;24,947.1;23,370.8;25,089.6;27,238.0;31,691.9;35,941.0;36,440.3;41,762.7;48,365.7;51,432.0;47,411.0;48,167.7;51,786.5;50,157.1;55,560.1;60,126.1;52,726.7;56,833.9;59,328.2;62,576.8;63,203.7;62,235.0;69,108.2;66,979.3;..
Fiji;279.5;282.2;287.4;293.3;307.6;313.6;312.2;;328.8;330.0;352.4;416.7;460.5;577.9;764.4;986.4;1,188.4;1,184.0;1,200.6;1,351.5;1,621.5;1,865.7;1,870.4;1,763.8;1,619.2;1,657.8;1,568.7;1,737.4;1,560.7;1,452.2;1,530.5;1,713.2;1,763.3;1,947.5;2,073.1;2,308.7;2,487.0;2,672.4;2,597.9;2,031.0;2,351.7;2,015.9;1,964.1;2,157.1;2,680.3;3,124.6;3,406.5;3,483.6;3,793.1;3,928.9;3,184.7;3,469.1;4,160.7;4,359.8;4,587.0;5,305.1;5,105.2;5,368.4;5,825.2;6,073.4;5,927.7;4,815.7;4,656.1;5,356.2;..
Finland;1,179.4;1,327.4;1,411.7;1,522.3;1,707.5;1,882.1;2,010.2;;2,034.2;1,907.1;2,178.0;2,465.6;2,716.2;3,177.6;4,173.2;5,297.6;6,255.5;6,739.7;7,069.1;7,628.8;9,332.2;11,223.9;10,926.8;10,938.1;10,497.5;10,833.9;11,398.1;14,951.0;18,571.1;22,047.8;23,973.2;28,364.6;25,484.7;22,319.1;17,608.8;20,301.3;26,271.6;25,783.5;24,691.9;26,009.3;26,186.2;24,345.9;24,967.8;26,997.8;32,927.7;37,772.2;39,054.9;41,222.6;48,476.4;53,772.8;47,481.5;46,505.3;51,148.9;47,708.1;49,892.2;50,327.2;42,801.9;43,814.0;46,412.1;49,987.6;48,629.9;49,169.7;53,504.7;50,871.9;..
France;1,333.9;1,430.4;1,585.7;1,758.9;1,929.0;2,060.3;2,209.0;;2,363.7;2,554.0;2,767.6;2,870.2;3,180.3;3,865.9;4,984.2;5,345.9;6,717.4;6,899.1;7,566.7;9,299.8;11,213.0;12,738.5;11,116.9;10,501.6;9,999.0;9,430.1;9,778.1;13,566.7;16,340.7;17,727.5;17,747.6;21,865.6;21,675.7;23,814.2;22,380.3;23,496.4;26,889.4;26,870.3;24,226.9;24,971.6;24,678.4;22,416.4;22,449.3;24,288.3;29,627.9;33,797.2;34,768.2;36,470.2;41,557.6;45,516.0;41,737.8;40,676.1;43,846.5;40,870.9;42,602.7;43,068.5;36,652.9;37,062.5;38,781.0;41,557.9;40,494.9;39,179.7;43,671.3;40,886.3;..
French Polynesia;..;..;..;..;..;1,789.1;2,108.5;;2,084.9;2,363.5;2,134.8;2,154.8;2,431.2;2,581.4;3,294.9;4,103.0;4,936.8;5,072.8;5,323.2;6,540.5;7,662.8;8,071.4;7,310.8;7,088.9;7,172.5;7,237.5;7,721.0;11,509.2;13,603.7;13,500.0;13,223.9;15,728.7;15,828.1;16,910.0;15,844.4;16,145.9;18,090.6;17,713.7;15,741.8;16,070.3;15,847.9;14,346.2;14,012.2;15,302.4;18,724.5;20,829.1;21,047.2;21,382.2;23,837.8;25,437.7;23,326.1;21,447.9;21,748.0;19,864.5;20,941.5;21,223.1;18,252.5;18,726.6;19,744.0;20,614.9;20,093.2;19,185.7;20,230.2;18,984.9;..
Gabon;275.6;322.8;347.7;290.1;399.5;413.6;442.4;;481.1;513.4;544.1;542.2;626.0;691.8;1,137.7;2,379.7;3,252.6;4,434.3;4,042.6;3,355.4;4,150.0;5,713.2;5,023.1;4,582.2;4,181.1;4,273.3;3,899.6;3,866.3;3,626.2;4,121.1;4,376.8;6,055.1;5,349.5;5,390.5;4,109.9;3,832.1;4,419.8;4,948.8;4,515.0;3,705.8;3,758.2;3,991.2;3,844.6;3,976.6;4,724.3;5,483.1;6,571.0;6,873.5;8,036.9;9,732.2;7,325.9;8,399.6;10,273.8;9,348.5;9,250.1;9,255.4;7,090.5;6,722.2;6,975.7;7,694.9;7,523.9;6,680.1;8,635.8;8,820.3;..
Gambia, The;..;..;..;..;..;..;93.7;;96.3;82.5;87.9;98.9;102.4;105.5;130.2;161.0;187.9;177.5;211.8;255.3;297.9;335.5;294.5;281.2;268.3;215.0;263.7;208.8;238.8;277.5;284.2;304.7;637.1;633.7;646.3;619.0;632.8;663.2;610.2;619.6;583.4;544.6;464.6;379.9;311.0;596.6;619.0;616.0;725.1;857.9;772.1;796.6;705.5;686.6;647.4;561.6;611.7;640.7;632.0;683.3;722.9;704.0;772.2;808.3;..
Georgia;..;..;..;..;..;..;..;;..;..;..;..;..;..;..;..;..;..;..;..;..;..;..;..;..;..;..;..;..;..;..;1,561.8;1,323.4;765.4;550.0;519.9;578.3;689.1;807.0;851.5;673.5;749.9;802.0;853.5;1,010.0;1,305.0;1,642.8;1,996.0;2,635.4;3,324.8;2,822.7;3,233.2;4,021.8;4,421.9;4,623.9;4,739.3;4,014.1;4,062.1;4,356.9;4,722.0;4,696.2;4,255.7;5,023.3;6,675.0;..
Germany;..;..;..;..;..;..;..;;..;..;..;2,761.2;3,192.1;3,810.0;5,046.8;5,639.1;6,236.4;6,634.9;7,683.0;9,482.0;11,281.0;12,138.3;10,209.1;9,913.7;9,864.3;9,313.2;9,429.6;13,461.8;16,677.5;17,931.3;17,764.4;22,304.0;23,357.8;26,438.2;25,522.6;27,076.6;31,658.3;30,485.9;26,964.0;27,289.1;26,734.9;23,694.8;23,628.3;25,197.3;30,310.4;34,106.7;34,520.2;36,353.9;41,640.1;45,612.7;41,650.4;41,572.5;46,705.9;43,855.9;46,298.9;48,023.9;41,103.3;42,136.1;44,652.6;47,939.3;46,805.1;46,749.5;51,426.8;48,718.0;..
Ghana;177.1;184.3;190.9;207.7;227.9;263.8;266.6;;212.9;198.0;227.3;249.9;266.5;226.0;313.2;291.8;275.2;263.1;294.6;328.1;349.1;374.6;345.7;320.7;312.5;330.7;330.0;410.5;354.6;354.3;348.9;381.2;416.8;395.0;358.6;319.6;370.7;388.5;377.2;399.8;402.5;253.4;263.2;297.0;357.8;405.4;477.6;904.2;1,047.2;1,179.0;1,044.0;1,259.0;1,501.1;1,536.6;2,282.4;1,942.9;1,711.3;1,900.4;1,998.7;2,180.0;2,167.9;2,176.6;2,422.1;2,203.6;..
Gibraltar;..;..;..;..;..;..;..;;..;..;..;..;..;..;..;..;..;..;..;..;..;..;..;..;..;..;..;..;..;..;..;..;..;..;..;..;..;..;..;..;..;..;..;..;..;..;..;..;..;..;..;..;..;..;..;..;..;..;..;..;..;..;..;..;..
Greece;520.3;590.8;617.1;695.2;783.7;899.3;997.4;;1,068.1;1,154.4;1,324.1;1,494.4;1,652.3;1,899.7;2,502.8;2,828.7;3,153.2;3,390.5;3,886.4;4,694.6;5,705.9;5,893.7;5,380.3;5,579.2;5,019.9;4,852.6;4,813.7;5,656.5;6,564.9;7,598.0;7,846.7;9,600.2;10,188.4;11,176.5;10,402.0;11,091.3;12,959.3;13,749.1;13,427.8;13,472.1;13,249.7;12,072.9;12,549.0;14,177.6;18,518.4;21,995.5;22,560.1;24,821.9;28,864.0;32,128.0;29,828.8;26,716.6;25,483.9;21,913.0;21,787.8;21,616.7;18,083.9;17,924.0;18,582.1;19,757.0;19,143.9;17,617.3;20,310.7;20,867.3;..
Greenland;..;..;..;..;..;..;..;;..;..;..;1,498.3;1,874.3;2,196.7;2,860.3;3,432.7;4,257.9;4,844.7;5,714.0;7,235.5;8,480.8;9,483.1;8,544.1;7,813.7;7,988.2;7,198.7;7,760.8;11,271.3;14,554.4;16,398.0;16,813.7;18,326.9;18,315.3;18,768.8;16,797.4;18,124.1;21,665.8;21,422.5;19,145.6;20,496.6;20,170.3;19,004.0;19,275.4;20,652.8;27,459.9;32,023.7;32,489.7;35,458.3;39,780.9;44,366.8;44,918.8;43,988.5;47,186.9;45,937.0;47,535.5;50,485.2;44,536.4;48,181.7;50,765.7;54,545.1;53,309.2;54,693.1;57,116.3;..;..
Grenada;..;..;..;..;..;..;..;;..;..;..;..;..;..;..;..;..;..;742.2;921.8;1,073.5;1,169.4;1,214.6;1,299.4;1,342.5;1,460.9;1,667.7;1,859.3;2,137.3;2,366.5;2,694.2;2,807.7;3,014.9;3,069.7;3,032.2;3,151.1;3,288.2;3,499.5;3,715.7;4,198.7;4,512.2;4,840.7;4,821.8;4,992.4;5,435.2;5,470.6;6,308.7;6,295.3;6,790.6;7,343.4;6,810.4;6,761.0;6,775.7;6,900.8;7,205.3;7,726.4;8,379.6;8,849.5;9,309.3;9,574.3;9,887.9;8,437.5;9,010.5;9,689.1;..
Guam;..;..;..;..;..;..;..;;..;..;..;..;..;..;..;..;..;..;..;..;..;..;..;..;..;..;..;..;..;..;..;..;..;..;..;..;..;..;..;..;..;..;..;20,878.1;21,844.1;23,590.9;25,621.8;25,735.5;26,686.8;28,277.4;29,335.3;30,011.2;30,087.7;31,642.1;32,318.9;33,483.9;34,522.4;35,052.8;35,663.0;35,902.7;37,752.6;34,780.9;35,904.9;..;..
Guatemala;252.8;253.2;261.2;280.1;279.9;278.8;283.2;;288.0;310.7;322.4;349.0;355.1;367.1;438.5;527.4;594.7;696.2;854.6;925.1;1,027.1;1,143.4;1,217.3;1,200.2;1,212.7;1,234.7;1,233.1;892.3;850.2;915.4;955.1;845.3;1,011.8;1,094.0;1,164.4;1,293.5;1,424.7;1,487.6;1,649.0;1,755.8;1,619.5;1,664.3;1,550.4;1,683.0;1,737.9;1,859.1;2,068.5;2,251.1;2,490.7;2,802.5;2,651.8;2,852.6;3,228.0;3,355.0;3,522.8;3,779.6;3,994.6;4,173.3;4,454.0;4,485.8;4,647.8;4,609.9;5,029.5;5,473.2;..
Guinea;..;..;..;..;..;..;..;;..;..;..;..;..;..;..;..;..;..;..;..;..;..;..;..;..;..;..;351.8;350.7;398.9;396.3;419.7;455.7;480.8;465.4;465.9;494.6;503.6;482.4;449.0;423.4;359.3;335.0;343.9;392.9;405.7;321.3;452.3;658.0;712.1;670.3;667.3;644.5;708.0;757.7;774.6;756.4;720.5;843.5;944.4;1,043.9;1,073.7;1,189.2;1,515.2;..
Guinea-Bissau;..;..;..;..;..;..;..;;..;..;..;133.1;132.1;147.2;148.2;158.4;165.2;160.3;154.0;154.4;144.3;133.1;183.1;192.8;187.5;156.3;159.8;142.5;187.2;174.4;222.4;250.6;258.7;221.2;224.2;216.2;227.3;237.1;231.0;174.4;186.0;301.5;312.3;325.0;362.9;395.0;425.5;418.9;480.4;583.3;543.6;542.3;683.5;598.6;616.2;605.1;586.0;642.7;718.2;781.6;730.6;710.3;795.1;775.8;..
Guyana;297.6;315.8;322.3;283.2;306.3;327.9;344.8;;370.6;335.0;358.2;379.7;395.1;395.3;420.7;588.3;663.6;603.1;590.9;659.7;684.9;775.1;731.5;618.2;628.7;564.0;586.9;656.7;464.3;545.6;504.4;530.8;468.4;501.4;607.7;721.6;827.0;936.1;992.0;948.2;916.5;938.9;937.3;955.0;977.0;1,036.0;1,085.8;3,138.1;3,609.9;4,011.4;4,213.8;4,589.9;4,960.0;5,461.4;5,576.3;5,495.4;5,668.4;5,905.4;6,221.0;6,094.9;6,477.3;6,863.1;9,994.6;18,199.5;..
Haiti;70.0;68.2;69.6;71.5;77.5;82.6;84.8;;83.3;81.5;85.2;70.8;76.1;76.7;94.5;112.4;133.0;168.3;177.9;179.5;195.2;245.1;256.8;250.8;270.7;296.8;321.7;363.6;314.5;393.4;403.3;447.1;491.6;313.2;255.7;289.5;368.8;374.2;421.8;462.0;506.0;815.0;743.9;716.5;575.6;679.3;771.5;824.4;979.6;1,089.6;1,191.8;1,204.9;1,306.8;1,356.2;1,452.3;1,454.6;1,405.7;1,313.2;1,389.4;1,489.6;1,345.5;1,283.1;1,823.7;1,748.3;..
Honduras;161.5;166.5;176.0;180.9;195.8;211.6;222.2;;234.8;246.6;247.3;259.8;254.9;271.6;299.5;329.8;347.8;404.2;485.2;872.4;967.7;1,050.3;1,038.0;1,062.5;1,081.9;1,153.3;1,202.9;1,257.4;1,332.5;1,235.4;1,105.6;974.2;894.5;925.0;896.3;821.2;919.9;872.6;933.8;1,009.2;990.3;1,079.6;1,118.9;1,119.4;1,142.8;1,201.2;1,289.8;1,409.6;1,559.9;1,713.4;1,762.3;1,874.3;2,054.0;2,107.3;2,064.6;2,164.4;2,257.2;2,295.5;2,403.3;2,457.7;2,519.4;2,354.1;2,771.7;3,040.2;..
Hong Kong SAR, China;424.1;436.8;487.8;565.7;629.6;676.8;685.9;;723.2;714.5;825.5;960.0;1,106.5;1,384.7;1,893.2;2,144.6;2,252.1;2,850.0;3,429.4;3,924.0;4,569.5;5,700.4;5,991.3;6,133.8;5,595.3;6,208.2;6,543.0;7,435.0;9,071.4;10,609.7;12,097.7;13,485.6;15,465.9;17,976.5;20,395.6;22,502.5;23,497.4;24,818.3;27,330.1;25,808.9;25,091.7;25,756.8;25,230.4;24,665.8;23,977.2;24,928.1;26,649.6;28,224.1;30,594.0;31,515.5;30,697.5;32,550.1;35,142.5;36,730.8;38,403.8;40,315.4;42,432.2;43,734.2;46,160.4;48,537.6;48,359.0;46,109.2;49,764.8;48,983.6;..
Hungary;..;..;..;..;..;..;..;;..;..;..;..;..;..;..;..;..;..;..;..;..;..;..;..;..;..;..;..;..;..;..;..;3,350.3;3,735.1;3,874.0;4,173.4;4,494.7;4,525.0;4,596.2;4,744.2;4,793.5;4,624.3;5,276.0;6,655.3;8,419.4;10,301.7;11,223.4;11,489.6;13,940.9;15,772.3;13,077.3;13,217.5;14,234.5;12,984.8;13,715.1;14,294.3;12,717.0;13,104.7;14,621.2;16,425.2;16,786.2;16,125.6;18,753.0;18,390.2;..
Iceland;1,415.0;1,418.1;1,562.2;1,831.7;2,297.9;2,723.5;3,215.7;;3,125.6;2,354.5;2,039.2;2,576.4;3,252.1;4,014.8;5,437.3;7,040.6;6,454.2;7,583.3;9,957.3;11,236.7;12,640.6;14,821.8;15,137.3;13,711.7;11,671.8;11,959.5;12,361.2;16,406.0;22,453.2;24,452.0;22,434.3;25,384.9;26,803.0;27,124.3;23,579.8;24,018.6;26,633.6;27,614.9;27,919.2;31,030.1;32,381.6;32,096.4;28,897.4;32,409.2;39,476.7;47,334.9;56,794.9;57,492.9;69,495.7;56,943.4;41,301.3;43,237.1;47,714.6;45,995.5;49,805.0;54,576.7;52,951.7;61,987.9;72,010.1;74,452.2;68,452.2;58,848.4;68,710.2;73,466.8;..
India;83.0;86.0;90.3;101.3;115.5;119.1;89.8;;96.0;99.5;107.2;112.0;118.2;122.6;143.5;163.2;157.9;161.1;186.4;206.1;224.6;267.4;271.4;275.3;292.6;278.1;298.0;312.1;342.1;355.7;347.5;368.7;303.9;317.6;301.5;346.2;373.6;399.6;414.9;412.5;441.0;442.0;449.9;468.8;543.8;624.1;710.5;802.0;1,022.7;993.5;1,096.6;1,350.6;1,449.6;1,434.0;1,438.1;1,559.9;1,590.2;1,714.3;1,958.0;1,974.4;2,050.2;1,913.2;2,238.1;2,410.9;..
Indonesia;..;..;..;..;..;..;..;;53.3;64.8;74.3;79.4;78.9;90.5;130.5;201.7;232.2;277.1;332.3;364.3;355.2;489.2;563.8;580.8;510.4;522.7;514.4;472.7;440.4;479.8;527.8;582.7;629.2;679.0;824.1;907.5;1,020.1;1,129.1;1,054.3;459.2;663.5;770.9;739.0;888.9;1,052.4;1,136.8;1,249.4;1,572.8;1,840.3;2,144.4;2,239.1;3,094.4;3,613.8;3,668.2;3,602.9;3,476.6;3,322.6;3,558.8;3,839.8;3,902.7;4,151.2;3,895.6;4,334.2;4,788.0;..
Iran, Islamic Rep.;196.3;201.4;207.6;211.9;224.6;251.2;267.3;;289.1;320.9;352.5;385.8;469.1;569.7;874.1;1,448.8;1,575.8;2,011.0;2,311.0;2,166.9;2,429.6;2,449.7;2,482.9;2,963.5;3,551.5;3,556.5;3,812.1;4,274.8;2,651.5;2,361.4;2,246.2;2,237.1;..;..;1,066.7;1,197.6;1,586.0;1,954.7;1,823.3;1,737.7;1,765.8;1,672.0;1,902.9;1,910.5;2,259.5;2,751.8;3,226.6;3,736.2;4,838.0;5,623.9;5,602.6;6,458.6;8,201.6;8,329.0;6,280.7;5,757.5;4,990.9;5,497.2;5,758.6;3,850.8;3,276.8;2,746.4;4,084.2;4,669.6;..
Iraq;237.7;252.2;261.2;255.7;292.6;..;..;;..;316.4;317.4;334.4;380.6;391.5;472.3;1,024.3;1,158.5;1,479.6;1,599.8;1,853.6;2,857.6;3,850.3;2,688.7;2,929.4;2,731.7;3,052.5;3,073.9;2,926.9;3,420.5;3,690.1;3,774.2;10,216.6;22.9;30.1;53.5;197.1;615.5;482.2;929.9;894.3;1,548.3;1,963.7;1,422.8;1,254.2;809.8;1,314.8;1,740.7;2,253.5;3,099.6;4,504.5;3,686.4;4,430.4;5,736.9;6,437.5;6,612.9;6,216.0;4,416.9;4,305.2;4,725.2;5,601.5;5,621.2;4,251.3;4,770.8;5,937.2;..
Ireland;685.6;739.3;797.0;852.1;965.1;1,023.8;1,074.5;;1,152.0;1,124.5;1,291.3;1,486.5;1,703.9;2,080.5;2,424.3;2,516.9;2,973.4;2,919.6;3,427.1;4,400.0;5,430.0;6,372.4;5,986.2;6,160.6;5,915.2;5,692.0;6,011.7;8,112.2;9,581.9;10,715.9;11,175.8;14,031.3;14,087.2;15,714.4;14,657.1;15,902.9;19,158.5;20,835.9;22,551.1;24,294.9;26,338.1;26,334.6;28,282.4;32,705.4;41,203.5;47,754.2;50,933.0;54,329.2;61,396.4;61,353.1;52,133.1;48,663.6;52,219.7;48,943.8;51,497.0;55,752.8;62,179.3;62,784.1;70,150.7;79,446.9;80,848.3;85,973.1;102,001.8;103,983.3;..
Isle of Man;..;..;..;..;..;..;..;;..;..;..;..;..;..;..;..;..;..;..;..;..;..;..;..;..;..;..;..;..;..;..;..;..;..;..;..;12,802.1;14,212.2;16,223.7;18,753.0;20,991.6;20,693.8;21,716.9;25,230.1;29,878.0;35,872.7;38,184.3;42,662.6;55,072.2;72,304.9;66,175.2;70,625.2;77,838.4;79,326.4;83,204.7;91,881.1;84,753.5;82,041.6;83,510.3;89,425.9;87,152.5;79,530.6;..;..;..
Israel;1,229.2;1,436.4;1,094.6;1,257.8;1,375.9;1,429.3;1,513.9;;1,468.1;1,647.9;1,852.4;..;..;..;..;..;..;..;..;..;..;..;..;..;..;..;..;..;..;..;..;..;..;..;..;..;18,916.7;20,117.0;20,366.6;20,106.6;19,742.5;21,630.7;20,909.4;19,035.1;19,627.2;20,557.1;21,223.9;22,494.6;25,633.6;30,173.4;28,317.0;31,266.6;34,354.7;33,156.2;36,941.8;38,259.7;36,206.5;37,690.5;41,114.8;42,406.8;44,452.2;44,846.8;52,129.5;54,930.9;..
Italy;804.5;887.3;990.3;1,126.0;1,222.5;1,304.5;1,402.4;;1,533.7;1,651.9;1,813.4;2,106.9;2,305.6;2,671.1;3,205.3;3,621.1;4,107.0;4,033.1;4,603.6;5,610.5;6,990.3;8,456.9;7,622.8;7,556.5;7,832.6;7,739.7;7,990.7;11,315.0;14,234.7;15,744.7;16,386.7;20,825.8;21,956.5;23,243.5;18,738.8;19,337.6;20,664.6;23,081.6;21,829.3;22,318.1;22,005.1;20,137.6;20,501.0;22,376.3;27,526.3;31,317.2;32,055.1;33,529.7;37,870.7;40,944.9;37,226.8;36,035.6;38,649.6;35,051.5;35,560.1;35,565.7;30,242.4;30,960.7;32,406.7;34,622.2;33,673.8;31,922.9;36,449.3;34,776.4;..
Jamaica;425.7;449.6;461.9;485.2;520.5;556.5;620.1;;641.1;598.1;649.3;755.6;816.4;979.0;979.7;1,202.7;1,428.0;1,461.5;1,581.4;1,271.1;1,151.0;1,254.7;1,374.9;1,497.3;1,621.0;1,048.4;916.3;1,189.4;1,407.0;1,625.8;1,856.0;1,919.8;1,702.5;1,452.2;2,212.3;2,194.9;2,621.2;2,919.1;3,287.7;3,410.4;3,423.0;3,447.3;3,502.2;3,683.9;3,557.2;3,819.3;4,200.4;4,435.6;4,738.4;5,056.3;4,452.1;4,835.8;5,259.9;5,365.2;5,143.7;4,991.6;5,077.6;5,022.7;5,273.1;5,594.5;5,626.2;4,897.3;5,183.6;6,047.2;..
Japan;475.3;568.9;639.6;724.7;843.6;928.5;1,068.6;;1,239.3;1,451.3;1,684.7;2,100.7;2,321.4;3,031.4;4,061.0;4,448.3;4,775.9;5,310.4;6,472.8;9,012.1;9,301.1;9,668.7;10,583.1;9,780.0;10,652.0;11,207.5;11,809.5;17,451.8;21,141.7;25,499.9;25,265.9;25,801.4;29,428.4;31,992.8;36,345.2;39,933.5;44,197.6;39,150.0;35,638.2;32,423.8;36,610.2;39,169.4;34,406.2;32,820.8;35,387.0;38,299.0;37,812.9;35,991.5;35,779.0;39,876.3;41,309.0;44,968.2;48,760.1;49,145.3;40,898.6;38,475.4;34,960.6;39,375.5;38,834.1;39,751.1;40,416.0;40,040.8;40,058.5;34,017.3;..
Jordan;..;..;..;..;..;548.5;561.1;;499.1;410.6;476.6;410.6;414.4;462.5;534.0;655.2;722.5;878.4;1,045.6;1,257.6;1,530.1;1,763.7;1,900.6;1,945.4;1,956.7;1,888.7;1,814.9;2,223.1;2,241.1;1,988.3;1,275.0;1,195.2;1,184.9;1,373.4;1,375.5;1,457.7;1,509.0;1,503.1;1,530.7;1,633.3;1,646.2;1,673.4;1,738.4;1,816.4;1,889.4;2,062.7;2,216.9;2,478.3;2,643.2;3,416.1;3,618.9;3,914.7;4,152.5;4,386.5;4,477.6;4,255.9;4,064.3;4,003.4;4,073.1;4,146.4;4,159.7;3,998.7;4,152.8;4,311.0;..
Kazakhstan;..;..;..;..;..;..;..;;..;..;..;..;..;..;..;..;..;..;..;..;..;..;..;..;..;..;..;..;..;..;..;1,647.4;1,514.9;1,515.7;1,429.1;1,316.2;1,288.2;1,350.3;1,445.5;1,468.7;1,130.1;1,229.0;1,490.9;1,658.0;2,068.1;2,874.3;3,771.3;5,291.6;6,771.4;8,458.0;7,165.2;9,070.5;11,634.0;12,386.7;13,890.6;12,807.3;10,510.8;7,714.8;9,247.6;9,812.6;9,812.6;9,121.6;10,373.8;11,492.0;..
Kenya;102.1;98.5;103.8;106.5;110.4;106.0;118.8;;120.8;127.5;132.1;139.8;149.5;171.0;196.6;224.9;238.7;246.4;308.3;351.5;399.1;448.8;408.3;369.4;330.9;330.2;315.4;359.1;381.7;386.4;370.0;370.1;340.8;332.9;226.5;273.5;336.6;436.2;462.4;483.7;430.4;411.8;408.4;401.1;441.4;462.6;522.8;699.4;840.2;916.0;1,049.1;1,093.6;1,099.3;1,289.8;1,376.8;1,489.9;1,496.7;1,562.1;1,676.0;1,845.8;1,970.1;1,936.3;2,069.7;2,099.3;..
Kiribati;..;..;..;..;..;..;..;;..;..;..;248.9;261.0;317.7;523.3;1,405.0;907.9;681.7;646.9;760.3;713.0;692.8;705.7;644.3;590.1;644.7;481.6;460.2;510.5;621.3;603.0;571.5;620.2;612.8;593.2;683.2;691.4;803.0;801.1;761.4;790.9;757.1;697.0;781.4;956.8;1,063.9;1,142.3;1,101.5;1,300.8;1,356.6;1,249.3;1,438.1;1,644.4;1,698.9;1,628.6;1,546.9;1,459.1;1,506.2;1,566.4;1,607.2;1,410.0;1,404.0;1,766.1;1,702.0;..
Korea, Dem. People's Rep.;..;..;..;..;..;..;..;;..;..;..;..;..;..;..;..;..;..;..;..;..;..;..;..;..;..;..;..;..;..;..;..;..;..;..;..;..;..;..;..;..;..;..;..;..;..;..;..;..;..;..;..;..;..;..;..;..;..;..;..;..;..;..;..;..
Korea, Rep.;158.3;93.8;106.2;146.3;123.6;108.7;133.5;;161.2;198.4;243.4;279.3;301.2;324.2;406.9;563.4;617.5;834.1;1,055.9;1,405.8;1,783.6;1,715.4;1,883.5;1,992.5;2,198.9;2,413.3;2,482.4;2,834.9;3,554.6;4,748.6;5,817.1;6,610.0;7,636.9;8,126.7;8,884.9;10,385.4;12,564.7;13,403.0;12,398.5;8,281.7;10,672.4;12,257.0;11,561.2;13,165.1;14,672.8;16,496.1;19,402.5;21,743.5;24,086.4;21,350.4;19,143.9;23,079.3;25,097.6;25,459.2;27,179.5;29,252.9;28,737.4;29,280.4;31,600.7;33,447.2;31,902.4;31,721.3;35,142.3;32,422.6;..
Kosovo;..;..;..;..;..;..;..;;..;..;..;..;..;..;..;..;..;..;..;..;..;..;..;..;..;..;..;..;..;..;..;..;..;..;..;..;..;..;..;..;..;..;..;..;..;..;..;..;..;2,965.4;2,847.6;3,009.5;3,540.8;3,410.7;3,704.6;3,902.5;3,520.8;3,759.5;4,009.4;4,384.2;4,416.0;4,310.9;5,269.8;5,340.3;..
Kuwait;..;..;..;..;..;4,081.4;4,228.7;;3,930.2;3,909.5;3,726.8;3,579.6;4,518.7;4,870.4;5,573.1;12,622.9;10,969.7;11,235.8;11,335.1;11,664.9;17,524.4;19,170.9;15,929.8;13,054.0;12,022.3;11,962.7;11,353.2;9,097.1;10,919.7;9,717.6;11,001.7;11,002.1;8,219.5;12,253.6;14,478.0;15,141.3;16,425.0;18,488.8;17,230.1;14,258.4;16,044.5;19,493.9;17,517.7;18,626.8;22,781.1;27,601.4;36,145.0;42,970.7;45,729.8;55,595.5;37,906.2;39,212.6;49,010.3;51,271.1;47,762.8;43,239.8;29,315.2;27,026.7;29,258.3;32,012.2;30,666.2;24,297.7;32,324.8;41,079.5;..
Kyrgyz Republic;..;..;..;..;..;..;..;;..;..;..;..;..;..;..;..;..;..;..;..;..;..;..;..;..;..;..;..;..;..;..;609.2;575.6;513.0;449.1;372.3;364.2;394.9;376.4;345.1;258.0;279.6;308.4;321.7;380.5;433.2;476.6;543.1;721.8;966.4;871.2;880.0;1,123.9;1,178.0;1,282.4;1,279.8;1,121.1;1,120.7;1,242.8;1,308.1;1,451.5;1,256.9;1,365.5;1,655.1;..
Lao PDR;..;..;..;..;..;..;..;;..;..;..;..;..;..;..;..;..;..;..;..;..;..;..;..;..;482.7;632.5;461.7;274.6;147.0;170.3;200.6;231.7;247.3;283.4;321.1;357.9;371.5;339.2;244.0;272.4;318.8;320.4;313.6;355.7;410.3;467.4;581.0;699.0;887.6;936.8;1,127.8;1,363.7;1,566.0;1,815.4;1,984.5;2,125.5;2,309.0;2,439.5;2,553.4;2,598.5;2,593.4;2,535.6;2,054.4;..
Latvia;..;..;..;..;..;..;..;;..;..;..;..;..;..;..;..;..;..;..;..;..;..;..;..;..;..;..;..;..;..;..;..;..;..;..;..;2,329.6;2,431.7;2,683.2;2,973.5;3,151.6;3,361.6;3,578.0;4,136.9;5,145.2;6,378.7;7,594.9;9,723.4;14,113.5;16,467.1;12,331.9;11,421.0;13,339.0;13,847.3;15,007.5;15,742.4;13,786.5;14,331.8;15,695.1;17,865.0;17,883.3;18,096.2;20,930.4;21,779.5;..
Lebanon;..;..;..;..;..;..;..;;..;..;..;..;..;..;..;..;..;..;..;..;..;..;..;..;..;..;..;..;..;958.5;771.0;789.9;1,279.2;1,560.2;2,079.6;2,468.8;2,959.6;3,393.5;3,834.9;4,127.3;4,092.0;3,994.9;4,021.2;4,307.1;4,458.1;4,625.3;4,630.0;4,666.0;5,162.0;5,957.7;7,149.8;7,695.2;7,914.1;8,500.2;8,255.2;7,665.4;7,802.8;8,172.3;8,679.9;9,225.8;8,925.4;5,600.0;4,136.1;..;..
Lesotho;46.9;46.9;53.3;58.1;62.3;63.8;63.9;;64.5;64.5;66.8;67.2;72.2;73.7;106.7;128.3;123.0;117.5;149.3;200.2;211.9;306.6;300.0;234.3;252.7;211.8;166.2;192.1;237.1;271.3;280.4;331.5;385.0;447.1;443.2;459.7;518.0;483.9;505.9;467.6;457.7;443.9;413.0;388.4;580.9;761.2;850.8;910.6;848.1;885.7;866.5;1,104.8;1,265.9;1,205.9;1,141.4;1,165.1;1,113.8;994.2;1,062.5;1,163.0;1,061.2;917.4;1,029.5;969.9;..
Liberia;..;..;..;..;..;..;..;;..;..;..;..;..;..;..;..;..;..;..;..;..;..;..;..;..;..;..;..;..;..;..;..;..;..;..;..;..;..;..;..;..;301.9;303.9;302.9;242.4;287.3;290.5;323.8;378.0;456.1;452.7;497.0;573.5;644.5;717.6;713.7;699.7;722.1;706.9;700.0;665.9;597.5;675.7;754.5;..
Libya;..;..;..;..;..;..;..;;..;..;..;..;..;..;..;..;..;..;..;..;..;..;..;..;..;..;..;..;..;..;..;6,821.9;7,368.0;7,623.9;6,745.9;6,164.3;5,396.4;5,785.1;6,262.5;5,471.1;7,112.7;7,424.4;6,465.6;3,789.2;4,738.8;5,823.6;8,108.1;10,060.4;11,158.1;13,921.9;9,560.8;11,611.4;7,784.1;15,765.4;12,589.5;9,408.8;7,867.5;7,945.0;10,529.1;11,838.3;10,542.4;7,034.7;5,909.0;6,716.1;..
Liechtenstein;..;..;..;..;..;..;..;;..;..;..;4,272.3;4,874.7;5,712.1;7,457.1;8,568.8;10,698.6;11,636.9;12,750.2;18,050.5;20,440.9;21,385.4;20,186.5;20,323.7;20,112.2;19,024.3;19,752.6;28,696.1;38,227.0;41,574.5;39,495.8;49,418.0;50,883.2;55,142.7;55,747.2;63,984.3;78,618.5;79,906.0;72,344.7;77,033.2;81,683.5;75,210.1;74,658.5;79,797.5;90,317.7;100,710.6;105,751.5;114,652.2;130,908.4;143,540.6;126,261.4;141,466.8;158,603.6;149,461.8;173,659.4;179,467.5;167,809.3;165,846.0;170,875.7;175,286.7;167,259.2;165,287.2;197,504.5;..;..
Lithuania;..;..;..;..;..;..;..;;..;..;..;..;..;..;..;..;..;..;..;..;..;..;..;..;..;..;..;..;..;..;..;..;..;..;..;..;2,167.8;2,327.4;2,830.3;3,166.7;3,113.2;3,293.2;3,525.8;4,141.6;5,499.4;6,700.3;7,854.8;9,230.7;12,285.4;14,945.0;11,820.8;11,987.5;14,376.9;14,367.7;15,729.7;16,551.0;14,264.0;15,008.3;16,885.4;19,186.4;19,615.5;20,381.9;23,849.6;25,064.8;..
Luxembourg;2,242.0;2,222.4;2,311.8;2,441.0;2,755.6;2,780.1;2,900.4;;2,909.7;3,175.4;3,658.9;4,298.0;4,435.4;5,486.7;7,447.2;8,966.7;8,701.3;9,490.7;10,486.3;13,034.4;15,204.3;16,531.1;13,837.1;12,591.0;12,374.0;12,126.9;12,482.0;18,149.9;22,443.4;25,219.4;26,618.1;33,465.5;35,747.3;39,570.9;40,066.7;43,933.2;51,032.3;50,444.4;46,641.6;47,445.4;50,872.4;48,659.6;48,440.1;53,005.7;65,689.3;76,544.9;80,988.1;90,788.8;107,475.3;120,422.1;109,419.7;110,886.0;119,025.1;112,584.7;120,000.1;123,678.7;105,462.0;106,899.3;110,193.2;116,786.5;112,726.4;116,905.4;133,711.8;125,006.0;..
Macao SAR, China;..;..;..;..;..;..;..;;..;..;..;..;..;..;..;..;..;..;..;..;..;..;..;4,450.9;4,255.4;4,715.8;4,734.3;5,115.7;6,278.6;7,053.7;8,020.7;9,269.6;10,390.0;13,197.5;14,881.6;16,233.4;17,764.5;17,751.5;17,652.6;16,232.5;15,387.5;15,684.8;15,622.7;16,393.7;17,829.0;22,381.9;24,886.6;29,637.8;35,782.9;39,745.8;39,755.0;50,676.4;64,528.4;74,111.6;86,853.5;90,873.6;73,220.6;71,919.1;78,896.3;84,779.5;82,998.6;37,474.7;45,104.9;34,584.9;..
North Macedonia;..;..;..;..;..;..;..;;..;..;..;..;..;..;..;..;..;..;..;..;..;..;..;..;..;..;..;..;..;..;..;2,299.0;2,424.9;1,207.5;1,343.3;1,795.6;2,372.5;2,327.7;1,959.6;1,875.8;1,915.4;1,861.9;1,823.0;1,989.1;2,440.5;2,795.9;3,072.7;3,363.0;4,079.4;4,841.3;4,584.7;4,577.7;5,098.1;4,728.3;5,241.1;5,495.7;4,861.6;5,149.6;5,450.5;6,108.7;6,070.4;5,965.5;6,778.6;6,591.5;..
Madagascar;132.7;134.3;138.4;138.5;142.5;144.2;151.7;;156.8;164.5;163.8;167.5;175.4;190.3;227.4;255.9;295.7;274.3;287.8;316.3;398.5;581.3;516.9;505.2;481.2;390.0;369.3;410.6;295.0;284.6;275.3;330.8;265.8;294.3;312.1;262.1;276.7;344.5;288.4;288.6;271.9;285.5;325.5;310.9;359.5;277.5;311.8;330.5;427.8;522.8;455.4;459.4;516.9;504.2;526.7;517.1;455.6;464.6;503.5;512.5;512.3;462.4;503.4;516.6;..
Malawi;..;..;..;..;..;..;..;;..;..;..;..;..;..;..;..;..;..;..;..;..;287.4;276.3;253.1;252.2;239.5;215.9;217.8;207.5;229.4;252.2;286.9;326.2;258.9;293.8;169.7;201.1;322.0;368.7;237.4;235.5;226.0;217.2;431.7;386.3;407.6;417.1;443.5;478.0;557.5;630.1;688.1;769.1;563.1;501.2;534.1;544.3;454.4;500.2;537.9;584.4;622.2;633.6;645.2;..
Malaysia;244.6;235.5;240.4;292.6;302.7;325.2;336.6;;332.8;339.1;364.2;374.9;402.2;466.9;692.7;837.8;800.4;927.8;1,075.3;1,304.1;1,647.6;1,853.0;1,843.3;1,925.5;2,123.3;2,311.2;2,065.1;1,782.5;2,007.2;2,134.5;2,282.5;2,513.2;2,727.5;3,193.6;3,511.5;3,802.1;4,405.1;4,874.8;4,706.3;3,308.8;3,538.4;4,087.6;3,941.1;4,177.1;4,454.5;4,924.3;5,536.8;6,137.2;7,144.0;8,343.3;7,167.9;8,880.1;10,209.4;10,601.5;10,727.7;11,045.6;9,699.6;9,555.7;9,979.7;11,074.0;11,132.1;10,164.3;11,134.6;11,993.2;..
Maldives;..;..;..;..;..;..;..;;..;..;..;..;..;..;..;..;..;..;..;..;..;257.5;263.9;274.5;322.5;593.9;668.1;719.4;691.4;798.0;869.6;955.9;1,052.8;1,191.3;1,311.5;1,411.6;1,545.2;1,707.0;1,889.0;1,972.6;2,118.7;2,210.0;3,028.1;3,069.0;3,539.8;4,060.5;3,789.2;5,010.2;5,746.6;6,743.1;6,719.3;7,158.1;7,409.3;7,447.4;8,222.6;8,872.1;9,480.4;9,708.1;10,194.7;11,034.7;11,349.9;7,216.8;10,076.3;11,780.8;..
Mali;..;..;..;..;..;..;..;;46.8;57.5;56.1;58.5;63.3;76.7;87.3;82.0;124.2;138.0;151.4;172.9;221.0;238.7;204.3;173.3;165.0;153.5;170.0;222.2;246.7;251.7;248.7;299.8;298.6;304.0;296.5;214.4;272.8;274.4;260.4;275.0;315.2;263.5;299.4;327.0;381.9;427.7;474.0;506.9;579.3;676.1;680.6;688.3;810.2;753.4;778.8;818.4;723.5;750.1;795.7;856.4;840.2;822.9;881.5;833.3;..
Malta;..;..;..;..;..;..;..;;..;..;..;828.4;874.1;975.8;1,143.6;1,245.4;1,560.1;1,726.6;2,037.9;2,558.7;3,195.6;3,948.4;3,898.2;3,788.1;3,527.0;3,332.9;3,322.4;4,194.7;5,083.7;5,814.4;6,040.6;7,191.9;7,558.3;8,220.2;7,296.3;8,000.5;9,171.1;9,438.6;9,724.3;10,273.5;10,720.9;10,432.3;10,402.2;11,289.9;13,669.5;15,197.1;15,888.2;16,723.9;19,485.9;22,205.4;21,083.3;21,798.9;23,155.1;22,526.5;24,769.6;26,753.3;24,921.7;25,623.9;28,813.2;31,785.9;31,727.0;29,597.6;34,881.3;34,127.5;..
Marshall Islands;..;..;..;..;..;..;..;;..;..;..;..;..;..;..;..;..;..;..;..;..;..;933.8;1,010.1;1,160.5;1,205.9;1,126.2;1,381.5;1,495.3;1,618.1;1,618.2;1,704.3;1,753.5;1,896.6;2,032.1;2,168.4;2,371.3;2,151.0;2,114.4;2,111.9;2,123.7;2,127.2;2,257.3;2,417.4;2,411.3;2,442.1;2,533.6;2,633.3;2,773.4;2,712.4;2,810.5;3,001.3;3,238.9;3,445.3;3,611.7;3,672.7;3,703.6;4,153.1;4,507.6;4,771.4;5,186.8;5,545.6;6,130.4;6,225.2;..
Mauritania;..;184.8;185.4;184.6;239.4;264.4;268.0;;275.7;294.8;271.0;275.7;290.2;328.8;401.9;484.8;540.0;577.7;578.5;565.9;650.4;695.5;712.4;693.7;707.7;633.6;578.2;660.0;726.4;742.4;742.0;751.2;1,032.6;1,007.8;825.8;840.1;878.8;877.8;834.0;796.8;757.8;660.3;632.2;629.8;711.4;801.8;974.7;1,272.1;1,378.2;1,610.2;1,418.9;1,646.1;1,919.5;1,850.4;1,929.8;1,715.4;1,562.7;1,579.2;1,634.6;1,750.0;1,800.9;1,836.3;1,998.4;2,065.2;..
Mauritius;..;..;..;..;..;..;..;;..;..;..;..;..;..;..;..;..;776.6;893.9;1,087.7;1,275.0;1,171.6;1,165.2;1,086.5;1,088.4;1,028.0;1,054.5;1,422.6;1,815.3;2,046.0;2,075.5;2,506.2;2,669.3;2,973.2;2,973.8;3,197.3;3,599.6;3,899.4;3,646.6;3,593.2;3,695.9;3,929.1;3,856.6;4,018.9;4,793.7;5,388.1;5,282.9;5,696.0;6,574.7;8,030.1;7,318.1;8,000.4;9,197.0;9,291.2;9,764.6;10,366.4;9,507.9;9,965.7;10,841.7;11,643.5;11,403.3;9,011.0;9,069.0;10,256.2;..
Mexico;359.5;378.2;392.9;424.2;485.8;511.0;550.5;;581.7;622.4;666.7;706.3;755.3;844.2;1,000.9;1,264.4;1,499.4;1,470.2;1,315.6;1,600.8;2,039.2;3,036.4;3,810.2;2,612.7;2,166.6;2,506.9;2,607.7;1,765.3;1,902.5;2,302.0;2,759.5;3,196.9;3,756.9;4,272.8;6,118.5;6,268.7;4,225.4;4,718.6;5,617.4;5,882.4;6,552.7;7,581.8;8,009.2;8,033.0;7,473.9;7,883.5;8,702.1;9,545.3;10,178.4;10,590.0;8,495.7;9,823.2;10,766.6;10,842.7;11,317.5;11,490.0;10,098.2;9,152.7;9,693.3;10,130.3;10,434.6;8,894.9;10,359.1;11,496.5;..
Micronesia, Fed. Sts.;..;..;..;..;..;..;..;;..;..;..;..;..;..;..;..;..;..;..;..;..;..;..;..;1,280.8;..;..;1,241.3;1,256.9;1,312.8;1,396.8;1,492.9;1,654.9;1,730.9;1,871.2;1,860.5;2,008.3;1,972.6;1,859.3;1,964.6;1,973.7;2,088.2;2,152.5;2,165.5;2,195.2;2,155.8;2,256.0;2,298.6;2,344.4;2,420.7;2,598.4;2,760.0;2,885.4;3,023.6;2,920.7;2,928.4;2,891.3;3,022.7;3,320.4;3,623.3;3,735.0;3,639.4;3,588.8;3,714.0;..
Moldova;..;..;..;..;..;..;..;;..;..;..;..;..;..;..;..;..;..;..;..;..;..;..;..;..;..;..;..;..;..;..;..;..;..;..;..;593.6;575.1;657.3;578.7;399.5;440.5;507.4;570.8;682.3;897.2;1,034.4;1,183.0;1,531.2;2,110.6;1,898.4;2,436.8;2,941.4;3,044.8;3,321.0;3,289.2;2,749.9;2,847.6;3,455.0;4,157.0;4,405.0;4,376.2;5,274.7;5,714.4;..
Monaco;..;..;..;..;..;..;..;;..;..;..;12,077.8;13,316.0;16,169.9;20,857.1;22,324.0;27,894.5;28,393.1;30,912.0;37,681.4;45,087.2;50,900.3;44,172.0;41,461.4;39,040.9;36,516.7;37,590.4;51,943.2;62,341.7;67,133.2;66,829.0;81,813.0;81,158.9;88,882.5;82,984.0;87,042.3;99,431.7;98,927.7;88,844.9;91,111.0;89,742.5;81,763.8;82,410.4;90,151.5;111,309.9;125,435.9;130,819.0;143,289.1;184,639.8;204,097.1;168,957.1;161,780.7;179,369.3;165,497.1;185,055.5;195,772.7;170,338.7;174,412.5;173,611.7;193,968.1;199,382.8;182,537.4;235,132.8;240,862.2;..
Mongolia;..;..;..;..;..;..;..;;..;..;..;..;..;..;..;..;..;..;..;..;..;..;1,328.2;1,432.5;1,492.9;1,121.3;1,139.0;1,470.2;1,494.2;1,545.2;1,686.6;1,184.8;1,081.3;589.1;338.5;402.3;623.2;570.9;495.8;467.5;435.4;463.9;512.8;559.8;633.9;784.9;986.0;1,322.6;1,625.3;2,134.9;1,718.9;2,660.3;3,793.7;4,402.3;4,422.3;4,211.9;3,919.4;3,690.8;3,708.2;4,165.0;4,394.9;4,041.2;4,566.1;5,045.5;..
Montenegro;..;..;..;..;..;..;..;;..;..;..;..;..;..;..;..;..;..;..;..;..;..;..;..;..;..;..;..;..;..;..;..;..;..;..;..;..;..;..;..;..;1,627.1;1,909.6;2,106.6;2,789.2;3,380.2;3,674.6;4,425.7;5,976.4;7,367.8;6,727.1;6,688.4;7,328.8;6,586.4;7,188.9;7,387.9;6,517.2;7,033.4;7,803.4;8,850.4;8,909.7;7,677.4;9,466.0;10,093.4;..
Morocco;172.6;167.2;191.2;208.1;213.8;219.5;208.5;;215.0;224.7;244.3;257.7;276.5;314.0;376.8;452.1;516.6;537.8;604.3;705.2;825.6;1,097.7;874.8;847.3;758.5;675.0;666.7;846.9;928.5;1,076.1;1,082.0;1,219.4;1,282.6;1,317.3;1,217.4;1,348.5;1,456.0;1,585.7;1,416.9;1,658.5;1,627.1;1,492.4;1,500.4;1,590.5;1,936.1;2,177.8;2,237.6;2,433.2;2,751.4;3,180.2;3,118.1;3,067.9;3,302.5;3,164.0;3,377.6;3,430.5;3,139.2;3,133.0;3,288.5;3,492.7;3,498.6;3,258.3;3,767.5;3,442.0;..
Mozambique;..;..;..;..;..;..;..;;..;..;..;..;..;..;..;..;..;..;..;..;..;..;..;..;..;..;..;..;..;..;..;..;284.3;202.6;203.0;198.4;196.3;250.6;295.0;328.0;362.5;333.8;310.1;318.3;343.1;403.0;438.8;458.6;508.0;591.4;546.6;494.6;615.3;681.5;681.1;690.4;603.8;435.8;464.3;510.4;512.2;456.6;504.0;558.3;..
Myanmar;25.1;27.3;28.0;25.8;17.3;15.1;11.8;;16.5;21.5;21.5;20.7;21.0;23.2;24.7;41.2;35.0;38.9;27.7;29.1;29.0;31.0;32.6;42.6;39.0;36.1;40.1;42.1;40.9;39.6;51.0;52.7;50.9;58.5;75.7;104.7;123.3;141.0;107.4;145.1;188.4;195.6;140.8;145.8;223.1;223.2;251.2;301.6;416.6;653.9;752.9;1,003.0;1,204.5;1,193.5;1,190.0;1,281.4;1,159.3;1,218.2;1,263.3;1,288.4;1,415.4;1,479.6;1,231.7;1,149.2;..
Namibia;..;..;..;..;..;..;..;;..;..;..;..;..;..;..;..;..;..;..;..;..;2,481.6;2,278.6;2,107.1;2,223.8;1,837.4;1,471.0;1,603.8;1,973.6;2,065.6;1,968.2;2,037.9;2,117.0;2,346.3;2,153.3;2,352.7;2,478.3;2,417.6;2,453.9;2,231.1;2,175.4;2,156.1;1,916.3;1,773.4;2,572.0;3,407.9;3,692.8;4,028.0;4,394.5;4,222.3;4,322.6;5,445.4;5,873.1;6,017.2;5,463.0;5,544.1;4,965.7;4,614.9;5,453.6;5,687.4;5,126.2;4,252.0;4,919.2;5,031.1;..
Nauru;..;..;..;..;..;..;..;;..;..;..;..;..;..;..;..;..;..;..;..;..;..;..;..;..;..;..;..;..;..;..;..;..;..;..;..;..;..;..;..;..;..;..;..;..;..;..;..;..;..;..;4,644.4;6,328.1;9,676.0;8,826.0;9,063.0;7,587.3;8,528.6;9,361.0;10,985.9;10,316.5;10,124.7;11,632.7;11,970.9;..
Nepal;50.0;51.3;54.3;46.1;45.1;65.5;79.1;;71.9;64.5;64.5;69.3;69.1;78.5;72.9;89.4;113.2;102.1;95.0;107.7;121.5;124.7;142.5;146.5;146.2;150.6;149.4;158.9;161.4;186.3;184.1;184.9;194.8;164.3;172.1;186.6;197.3;198.5;211.6;204.9;208.5;223.7;240.7;238.9;246.5;279.7;309.3;341.0;386.5;466.7;475.6;589.2;791.2;794.1;809.4;827.7;882.3;880.2;1,028.0;1,161.5;1,185.7;1,139.2;1,229.4;1,336.5;..
Netherlands;1,068.8;1,159.4;1,240.7;1,328.0;1,541.9;1,708.1;1,835.8;;1,991.4;2,185.2;2,643.0;2,927.1;3,378.6;4,104.5;5,345.6;6,441.0;7,335.5;7,925.7;9,166.8;11,179.4;12,798.5;13,791.9;11,520.4;11,072.7;10,680.4;9,977.2;9,926.1;13,783.9;16,709.6;17,744.5;17,397.7;21,290.9;21,732.2;23,904.0;23,122.4;24,646.3;29,258.1;29,006.8;26,700.5;27,885.8;28,272.6;26,214.5;26,896.5;29,343.2;35,751.0;40,436.6;41,994.7;44,900.9;51,799.2;57,879.9;52,722.2;50,999.7;54,230.3;50,070.1;52,198.9;52,900.5;45,193.4;46,039.1;48,675.2;53,044.5;52,476.3;52,162.6;58,727.9;57,025.0;..
New Caledonia;..;..;..;..;..;1,763.5;1,756.2;;1,865.7;2,165.9;2,529.9;3,203.7;3,449.9;4,038.3;4,220.2;4,865.7;6,163.4;5,957.6;6,159.0;6,152.8;7,561.2;8,443.2;6,817.8;6,208.6;5,540.4;5,249.4;5,534.6;7,634.7;9,271.6;12,665.9;13,092.3;14,800.8;15,133.2;16,262.0;15,297.0;16,037.0;18,721.1;18,257.2;16,339.8;17,324.3;17,435.7;16,039.2;15,174.3;16,885.9;21,817.3;25,770.5;26,861.7;29,604.1;36,864.9;37,353.7;35,391.1;37,494.9;40,697.7;37,294.0;38,503.3;39,675.6;32,428.6;32,286.9;33,876.3;36,495.2;34,934.6;34,877.6;37,247.5;35,745.2;..
New Zealand;2,312.9;2,343.3;2,448.6;2,622.2;2,813.5;2,151.3;2,191.3;;2,188.4;1,885.2;2,077.9;..;2,772.9;3,294.6;4,323.2;4,610.6;4,171.8;4,373.8;4,950.6;5,937.0;6,668.1;7,467.2;7,813.9;7,656.5;7,598.3;6,713.8;7,600.6;9,427.6;12,330.9;13,759.2;13,312.4;13,663.0;12,230.1;11,793.1;13,094.3;15,280.3;17,400.4;18,794.4;17,474.2;14,738.4;15,322.2;13,641.1;13,882.9;16,874.2;21,913.7;25,420.2;27,751.1;26,654.6;32,480.0;31,253.0;28,209.4;33,676.8;38,387.6;39,973.4;42,976.6;44,572.9;38,630.7;40,058.2;42,911.0;43,236.9;42,796.4;41,760.6;49,996.4;48,418.6;..
Nicaragua;..;..;..;..;..;..;..;;..;..;..;..;..;..;..;..;..;..;..;..;..;..;..;..;..;..;..;..;..;641.9;245.4;238.8;344.1;405.0;388.0;835.2;876.9;895.3;896.7;931.8;961.6;996.9;1,025.1;993.4;999.9;1,076.0;1,158.9;1,223.1;1,323.8;1,493.9;1,438.1;1,495.7;1,644.8;1,746.4;1,794.8;1,913.5;2,025.3;2,079.5;2,127.3;1,981.9;1,905.6;1,876.6;2,064.9;2,255.4;..
Niger;128.5;134.8;143.3;153.4;148.0;166.1;168.3;;155.0;145.1;137.8;139.2;144.6;150.8;187.1;197.5;196.4;193.9;228.8;305.4;352.3;406.4;341.0;307.4;266.5;209.5;200.4;257.0;292.4;289.7;268.5;419.6;380.5;380.1;332.1;204.1;234.6;237.0;218.2;243.5;226.0;192.9;203.5;223.4;263.1;281.3;316.4;331.1;384.7;472.2;458.4;471.6;507.6;525.0;548.2;560.8;481.1;497.0;514.5;568.6;549.8;564.8;590.6;585.4;..
Nigeria;93.4;97.4;104.9;108.0;113.7;117.7;124.8;;99.9;97.7;122.0;225.8;161.5;211.0;254.4;406.3;442.0;561.6;541.2;532.2;668.0;880.1;2,187.9;1,844.8;1,223.6;903.4;882.3;638.7;598.3;549.5;474.5;567.5;609.4;519.6;551.9;762.4;1,302.6;1,673.9;1,765.1;1,871.8;494.1;563.0;583.1;733.5;786.8;992.7;1,250.4;1,652.2;1,876.4;2,227.8;1,883.9;2,280.1;2,504.9;2,728.0;2,976.8;3,201.0;2,679.6;2,144.8;1,941.9;2,125.8;2,334.0;2,074.6;2,065.8;2,162.6;..
Northern Mariana Islands;..;..;..;..;..;..;..;;..;..;..;..;..;..;..;..;..;..;..;..;..;..;..;..;..;..;..;..;..;..;..;..;..;..;..;..;..;..;..;..;..;..;..;16,640.3;16,603.5;16,829.4;15,371.2;14,986.4;14,877.1;15,641.7;13,933.7;14,772.5;13,880.4;14,247.8;14,806.0;16,044.4;17,665.1;24,054.9;30,751.6;25,862.8;23,687.3;17,302.9;..;..;..
Norway;1,441.8;1,560.3;1,667.2;1,775.6;1,937.9;2,164.5;2,317.2;;2,514.0;2,662.1;2,875.2;3,306.2;3,736.3;4,413.6;5,689.6;6,811.5;8,204.5;8,927.2;10,266.1;11,462.6;13,046.5;15,772.2;15,512.5;15,224.9;14,927.5;14,989.5;15,753.6;18,883.2;22,505.9;24,207.3;24,281.1;28,243.0;28,596.9;30,524.0;27,963.7;29,315.8;34,875.7;37,322.0;36,629.0;34,803.5;36,393.3;38,178.2;38,601.9;43,170.6;50,250.3;57,768.7;67,047.2;74,434.5;85,502.3;97,503.5;80,347.6;88,163.2;101,221.8;102,175.9;103,553.8;97,666.7;74,810.0;70,867.4;76,131.8;82,792.8;76,430.6;68,340.0;93,072.9;108,729.2;..
Oman;..;..;..;..;..;106.6;111.5;;172.3;296.3;367.2;382.2;437.0;518.2;663.0;2,181.0;2,663.5;3,106.8;3,164.9;3,002.2;3,875.4;5,879.1;6,748.8;6,636.8;6,585.1;6,928.0;7,393.6;5,074.1;5,094.2;5,165.7;5,468.5;6,475.4;5,984.4;6,272.5;6,029.9;6,054.7;6,352.8;6,913.1;7,052.7;6,139.7;6,742.8;8,321.4;8,191.5;8,380.0;8,896.9;10,030.4;12,357.7;14,533.7;16,151.3;22,974.3;17,938.0;22,552.2;24,166.1;24,722.6;23,563.9;23,121.2;18,777.4;17,082.2;17,802.6;19,887.6;19,132.2;16,707.6;19,509.5;25,056.8;..
Pakistan;81.6;87.5;89.5;93.9;103.0;114.4;123.3;;136.6;143.3;150.5;169.1;175.2;150.6;99.3;134.5;164.8;187.5;208.8;238.2;254.3;293.4;333.5;349.8;315.0;331.4;320.7;317.0;319.9;356.3;359.7;346.7;382.8;399.5;412.7;404.6;455.5;461.4;441.8;427.5;420.7;644.5;610.1;599.8;673.4;774.8;832.8;909.0;1,012.2;1,087.5;985.3;1,011.6;1,161.0;1,236.9;1,259.7;1,303.2;1,421.8;1,468.8;1,567.6;1,620.7;1,437.2;1,322.3;1,506.1;1,588.9;..
Palau;..;..;..;..;..;..;..;;..;..;..;..;..;..;..;..;..;..;..;..;..;..;..;..;..;..;..;..;..;..;..;..;..;..;..;..;..;..;..;..;..;7,416.5;7,913.5;8,220.5;7,744.6;8,297.9;9,603.8;9,805.9;10,270.5;10,380.3;9,960.8;10,029.3;10,795.6;11,835.4;12,418.8;13,580.0;15,761.4;16,743.4;16,011.7;16,152.4;15,738.5;14,349.3;12,921.8;..;..
Panama;476.6;516.0;545.1;586.1;610.4;650.5;687.8;;743.6;777.0;828.6;891.1;977.5;1,044.2;1,162.3;1,294.3;1,403.7;1,454.8;1,501.9;1,737.6;1,937.7;2,357.8;2,607.2;2,814.2;2,822.9;2,879.2;2,977.4;3,025.3;2,972.1;2,514.2;2,467.5;2,626.1;2,827.6;3,148.4;3,368.2;3,519.0;3,524.9;3,561.3;3,775.6;4,012.1;4,121.6;4,099.0;4,084.3;4,163.5;4,304.1;4,629.0;4,953.1;5,385.6;6,205.8;7,197.1;7,618.4;8,124.6;9,403.4;10,767.3;11,932.3;12,837.2;13,669.6;14,382.2;15,186.0;16,156.1;16,472.8;13,293.3;15,491.3;17,357.6;..
Papua New Guinea;116.1;120.3;125.4;129.6;140.3;154.9;172.1;;190.2;204.3;226.8;259.4;281.5;328.9;486.2;536.9;485.5;529.4;562.4;653.7;754.1;820.0;788.3;732.2;775.6;756.5;702.9;751.6;873.2;993.6;942.2;833.1;949.0;1,058.3;1,159.1;1,236.1;1,004.2;1,077.2;995.2;737.4;653.4;639.3;540.7;509.0;580.6;624.0;748.7;1,245.5;1,379.1;1,635.0;1,579.0;1,879.2;2,303.8;2,653.1;2,578.5;2,742.3;2,502.1;2,332.7;2,495.1;2,584.3;2,593.8;2,446.1;2,624.6;3,115.9;..
Paraguay;..;..;..;..;..;207.0;212.2;;219.1;224.9;236.2;246.9;269.7;305.0;385.4;503.6;556.8;610.6;733.5;875.4;1,139.1;1,444.7;1,778.1;1,666.7;1,696.9;1,309.7;928.4;1,024.2;1,062.0;1,107.0;1,204.1;1,431.8;1,675.7;1,673.4;1,652.8;1,750.9;1,968.4;2,077.5;2,068.2;1,880.9;1,758.3;1,728.3;1,630.2;1,361.2;1,436.8;1,776.9;1,960.5;2,426.4;3,194.3;4,360.4;3,920.2;4,725.7;5,776.3;5,617.1;6,410.8;6,629.4;5,861.4;5,759.0;6,136.1;6,243.0;5,807.8;5,353.3;5,959.4;6,153.1;..
Peru;..;..;..;..;..;..;..;;..;..;..;..;..;..;..;..;..;..;..;..;..;..;..;827.4;750.2;1,054.6;761.9;1,077.6;1,767.3;730.2;1,040.5;1,194.5;1,520.7;1,560.5;1,481.3;1,871.4;2,180.6;2,218.3;2,292.4;2,149.7;1,911.7;1,941.3;1,926.0;2,004.0;2,126.1;2,393.7;2,702.2;3,123.3;3,572.4;4,184.9;4,165.0;5,047.2;5,826.8;6,475.7;6,697.2;6,614.8;6,180.1;6,163.9;6,676.3;6,912.1;6,955.9;6,063.6;6,635.5;7,125.8;..
Philippines;263.8;278.5;164.1;177.3;186.5;198.7;213.3;;223.2;242.9;262.4;201.9;218.0;230.1;282.4;377.1;398.1;445.8;499.1;561.4;662.0;761.0;815.2;828.6;723.1;667.7;637.8;605.7;658.2;734.4;806.9;820.5;821.5;936.1;938.8;1,081.4;1,222.3;1,334.1;1,294.1;1,000.0;1,123.2;1,073.3;991.1;1,037.2;1,049.4;1,122.9;1,245.3;1,452.2;1,741.6;1,990.4;1,893.3;2,201.8;2,431.2;2,671.8;2,847.6;2,935.9;2,974.3;3,038.2;3,077.4;3,194.7;3,413.8;3,224.4;3,460.5;3,498.5;..
Poland;..;..;..;..;..;..;..;;..;..;..;..;..;..;..;..;..;..;..;..;..;..;..;..;..;..;..;..;..;..;..;1,731.2;2,235.5;2,459.0;2,497.1;2,874.8;3,686.8;4,147.5;4,123.1;4,518.1;4,398.1;4,501.5;4,991.2;5,207.1;5,701.6;6,681.3;8,021.5;9,035.5;11,254.3;13,995.8;11,525.9;12,504.3;13,776.4;13,010.8;13,558.3;14,181.9;12,560.1;12,378.8;13,815.5;15,504.5;15,700.0;15,816.8;18,050.3;18,688.0;..
Portugal;360.5;382.7;407.9;432.5;468.8;520.9;575.0;;646.8;719.1;795.8;934.1;1,064.5;1,302.3;1,748.0;2,000.4;2,127.6;2,173.3;2,267.4;2,457.3;2,755.6;3,368.4;3,246.0;3,079.9;2,735.5;2,522.7;2,705.2;3,861.9;4,803.9;5,623.7;6,056.4;7,884.6;8,959.0;10,810.6;9,534.7;9,977.3;11,781.4;12,185.1;11,575.5;12,199.2;12,475.3;11,526.4;11,734.8;12,936.7;15,797.8;18,064.2;18,780.1;19,839.5;22,811.1;24,949.0;23,151.2;22,520.6;23,217.3;20,563.7;21,653.2;22,103.7;19,250.1;19,992.0;21,490.4;23,562.6;23,330.8;22,242.4;24,661.2;24,515.3;..
Puerto Rico;717.5;777.2;854.7;931.8;1,006.4;1,110.8;1,207.8;;1,335.3;1,480.7;1,661.9;1,852.4;2,044.3;2,246.5;2,432.4;2,614.5;2,738.2;2,946.5;3,208.8;3,567.8;4,024.5;4,502.8;4,920.7;5,115.0;5,217.7;5,730.1;6,008.1;6,455.2;6,980.5;7,595.4;8,033.1;8,652.5;9,064.0;9,659.3;10,212.3;10,876.4;11,579.2;12,173.2;12,817.6;14,304.4;15,221.0;16,192.1;18,123.2;18,731.5;19,557.1;20,989.0;21,959.3;22,935.9;23,664.9;24,898.3;25,768.7;26,435.7;27,278.9;27,944.7;28,513.2;28,981.5;29,763.5;30,627.2;31,108.8;31,615.1;32,916.9;31,427.4;32,601.6;35,208.6;..
Qatar;..;..;..;..;..;..;..;;..;..;..;2,557.4;2,913.0;3,439.9;4,848.6;13,393.3;12,883.2;15,566.0;15,924.0;16,632.2;21,634.6;28,218.3;29,371.5;24,301.1;19,571.8;19,252.2;16,818.4;13,216.5;13,705.5;14,650.7;15,197.9;16,664.8;15,079.4;16,223.8;14,724.3;14,728.8;15,797.7;17,116.8;20,519.4;17,651.5;20,207.2;27,494.8;25,836.3;27,151.0;31,440.2;40,792.3;52,468.4;59,978.9;64,707.0;79,811.6;60,734.0;73,021.3;92,993.0;98,041.4;97,630.8;93,126.1;66,984.9;58,467.2;59,407.7;66,264.1;62,827.4;52,315.7;66,858.7;87,661.5;..
Romania;..;..;..;..;..;..;..;;..;..;..;..;..;..;..;..;..;..;..;..;..;..;..;..;..;..;..;..;1,658.8;1,753.2;1,789.6;1,648.5;1,254.3;1,102.1;1,158.1;1,323.0;1,650.0;1,633.0;1,577.3;1,852.6;1,599.9;1,659.9;1,825.2;2,119.9;2,679.4;3,495.0;4,618.0;5,757.5;8,360.3;10,435.2;8,548.0;8,397.8;9,560.2;8,930.7;9,497.2;10,031.3;8,977.0;9,404.4;10,728.0;12,494.4;12,958.0;13,047.5;14,946.6;15,786.8;..
Russian Federation;..;..;..;..;..;..;..;;..;..;..;..;..;..;..;..;..;..;..;..;..;..;..;..;..;..;..;..;..;3,778.0;3,429.6;3,494.1;3,490.5;3,098.8;2,930.7;2,662.1;2,665.8;2,643.9;2,737.6;1,834.9;1,330.8;1,771.6;2,100.4;2,377.5;2,975.1;4,102.4;5,323.5;6,920.2;9,101.2;11,635.3;8,562.8;10,675.0;14,311.1;15,420.9;15,974.6;14,095.6;9,313.0;8,704.9;10,720.3;11,287.4;11,536.3;10,194.4;12,532.1;15,270.7;..
Rwanda;40.1;40.0;40.0;40.1;39.8;44.4;36.2;;45.0;47.0;49.9;56.4;55.5;59.6;68.3;70.3;126.6;137.2;156.1;184.0;218.6;239.1;258.6;248.9;252.5;262.1;273.8;299.3;320.3;344.5;336.7;348.4;255.4;265.0;249.4;111.9;227.5;205.8;241.5;251.3;269.3;255.1;239.1;234.8;249.6;270.3;325.1;358.1;427.5;529.6;565.0;594.2;651.0;706.2;704.5;724.8;733.9;728.9;756.5;768.9;806.1;773.8;821.2;966.2;..
Samoa;..;..;..;..;..;..;..;;..;..;..;..;..;..;..;..;..;..;..;..;..;..;..;726.4;670.1;654.8;573.9;606.8;669.9;794.4;732.0;747.8;744.5;779.2;776.9;1,277.2;1,285.7;1,414.2;1,598.9;1,493.9;1,401.7;1,406.8;1,435.3;1,509.9;1,778.8;2,168.0;2,527.8;2,639.8;3,011.1;3,344.1;3,251.0;3,494.4;3,789.6;3,902.3;3,989.9;3,948.7;4,048.5;4,105.8;4,261.6;4,189.1;4,308.3;4,042.7;3,857.7;3,745.6;..
San Marino;..;..;..;..;..;..;..;;..;..;..;..;..;..;..;..;..;..;..;..;..;..;..;..;..;..;..;..;..;..;..;..;..;..;..;..;..;..;..;..;42,004.9;37,473.8;39,415.2;41,770.1;51,198.4;59,249.6;60,520.8;63,692.6;71,970.1;77,962.1;66,200.7;59,516.3;55,815.3;48,433.6;50,435.4;50,133.6;42,281.8;43,398.4;44,885.5;48,464.5;47,287.4;45,321.5;54,982.5;..;..
Sao Tome and Principe;..;..;..;..;..;..;..;;..;..;..;..;..;..;..;..;..;..;..;..;..;..;..;..;..;..;..;..;..;..;..;..;..;..;..;..;..;..;..;..;..;..;519.3;568.4;663.9;726.6;844.0;861.5;878.1;1,080.6;1,126.5;1,043.3;1,217.2;1,207.7;1,378.2;1,484.2;1,292.7;1,428.3;1,547.8;1,815.6;1,924.4;2,155.3;2,350.5;2,386.7;..
Saudi Arabia;..;..;..;..;..;..;..;;..;747.2;767.5;880.6;1,123.2;1,437.2;2,108.6;6,068.4;5,922.5;7,693.4;8,473.7;8,714.6;11,553.2;16,176.2;17,258.6;13,680.8;10,997.1;9,717.4;8,060.2;6,449.6;6,082.1;5,998.2;6,210.1;7,349.7;7,939.3;7,932.7;7,450.7;7,359.4;7,588.8;8,174.1;8,323.8;7,169.4;7,697.3;8,795.3;8,337.3;8,381.0;9,321.8;10,935.0;13,462.8;14,848.6;15,756.2;18,944.9;15,064.6;17,958.9;22,441.6;24,069.2;23,945.5;23,862.8;20,442.4;19,930.4;20,910.5;24,175.6;23,405.7;20,398.1;24,315.6;30,447.9;..
Senegal;306.6;314.5;313.4;315.0;324.4;320.9;321.2;;311.8;318.0;293.6;297.0;297.8;349.8;390.5;427.4;560.7;553.9;553.5;603.8;734.1;790.7;699.9;668.1;578.3;549.6;585.7;803.5;938.9;902.3;869.5;980.8;935.6;974.3;898.9;598.1;732.8;741.8;667.5;702.4;695.6;619.6;654.8;688.2;840.4;941.9;1,003.2;1,038.6;1,210.2;1,419.5;1,324.0;1,286.6;1,383.5;1,334.7;1,391.5;1,417.1;1,238.1;1,290.7;1,385.2;1,484.2;1,462.7;1,492.5;1,633.6;1,598.7;..
Serbia;..;..;..;..;..;..;..;;..;..;..;..;..;..;..;..;..;..;..;..;..;..;..;..;..;..;..;..;..;..;..;..;..;..;..;..;2,207.5;2,864.1;3,380.0;2,571.2;2,571.3;914.8;1,727.3;2,283.8;3,005.4;3,502.8;3,720.5;4,382.6;5,848.5;7,101.0;6,169.1;5,735.4;6,809.2;6,015.9;6,755.1;6,600.1;5,589.0;5,765.2;6,292.5;7,252.4;7,417.2;7,733.8;9,233.0;9,537.7;..
Seychelles;288.1;270.3;287.0;308.2;332.3;328.5;337.6;;333.2;314.4;314.2;343.9;401.6;547.0;648.5;744.5;806.2;814.5;1,044.4;1,376.5;2,030.1;2,478.4;2,557.2;2,440.7;2,426.3;2,487.6;2,754.1;3,368.5;3,871.8;4,392.2;4,689.1;5,642.1;5,654.6;6,520.5;6,978.7;6,974.9;7,180.7;7,004.3;7,746.7;8,209.5;8,243.2;8,063.7;8,153.3;8,864.2;9,070.3;10,827.7;11,802.1;12,783.0;12,669.3;11,265.4;9,749.0;10,938.2;12,113.9;12,342.5;14,729.6;15,188.2;14,894.5;15,409.8;15,961.2;16,411.9;16,851.1;12,020.0;12,963.1;13,250.5;..
Sierra Leone;140.0;140.1;143.9;143.7;150.4;142.6;146.2;;133.1;123.5;150.0;156.4;148.1;161.2;195.6;216.4;222.3;191.1;218.2;297.0;336.2;326.8;324.4;369.0;277.6;296.6;228.5;127.6;167.2;260.1;224.3;150.2;178.2;158.1;179.0;211.3;201.4;216.6;193.0;151.1;149.6;138.7;221.3;240.5;256.0;258.5;286.3;320.5;358.1;402.6;386.4;400.5;443.5;558.2;706.5;702.3;581.3;515.4;484.5;519.6;506.6;493.4;504.6;475.8;..
Singapore;428.1;449.1;472.1;511.2;485.5;516.5;566.8;;626.0;708.6;812.7;925.8;1,071.4;1,264.4;1,685.5;2,341.7;2,489.9;2,758.9;2,846.3;3,193.9;3,900.5;4,928.1;5,596.6;6,077.6;6,633.2;7,228.3;7,001.8;6,799.9;7,539.0;8,914.4;10,394.5;11,861.8;14,502.4;16,136.2;18,290.1;21,552.4;24,914.9;26,232.9;26,375.9;21,829.3;21,796.6;23,852.8;21,699.7;22,159.8;23,730.4;27,608.1;29,961.3;33,768.5;39,432.9;40,008.6;38,926.8;47,236.7;53,891.5;55,547.6;56,967.4;57,564.8;55,645.6;56,895.7;61,164.9;66,836.5;66,070.5;61,274.0;77,710.1;82,807.6;..
Sint Maarten (Dutch part);..;..;..;..;..;..;..;;..;..;..;..;..;..;..;..;..;..;..;..;..;..;..;..;..;..;..;..;..;..;..;..;..;..;..;..;..;..;..;..;..;..;..;..;..;..;..;..;..;..;..;..;27,997.3;28,460.3;27,942.9;36,136.7;36,520.0;35,703.1;33,351.7;30,791.1;33,836.8;29,223.1;31,711.6;35,873.1;..
Slovak Republic;..;..;..;..;..;..;..;;..;..;..;..;..;..;..;..;..;..;..;..;..;..;..;..;..;..;..;..;..;..;..;2,405.5;2,691.2;2,920.9;3,102.3;3,771.4;4,819.1;5,196.9;5,146.7;5,538.6;5,645.6;5,426.6;5,722.2;6,564.7;8,731.9;10,691.4;11,690.1;13,170.8;16,106.1;18,753.6;16,597.2;16,908.8;18,509.7;17,498.4;18,276.0;18,720.0;16,390.9;16,563.4;17,585.2;19,486.4;19,381.9;19,552.1;21,768.1;21,256.8;..
Slovenia;..;..;..;..;..;..;..;;..;..;..;..;..;..;..;..;..;..;..;..;..;..;..;..;..;..;..;..;..;..;..;..;..;..;..;..;10,730.5;10,815.1;10,455.0;11,175.8;11,452.8;10,201.3;10,479.8;11,777.2;14,849.0;17,233.1;18,098.9;19,673.0;23,817.9;27,595.6;24,792.1;23,532.5;25,128.0;22,641.8;23,503.3;24,247.2;20,890.2;21,678.4;23,514.0;26,123.7;26,042.4;25,558.4;29,331.1;28,439.3;..
Solomon Islands;..;..;..;..;..;..;..;;157.9;171.3;169.9;..;282.4;223.3;295.9;440.0;377.2;407.2;441.6;508.8;670.0;782.5;801.2;770.8;699.8;677.7;597.2;515.2;524.4;578.4;549.6;662.9;681.4;782.3;849.4;1,105.2;1,251.2;1,322.5;1,326.2;1,121.1;1,164.1;976.4;929.9;768.5;905.6;992.0;1,145.9;1,251.0;1,377.9;1,504.5;1,526.2;1,662.0;1,921.4;2,087.5;2,208.1;2,235.7;2,134.8;2,196.3;2,283.6;2,450.5;2,398.8;2,222.5;2,232.5;2,205.3;..
Somalia;62.9;65.1;67.3;69.7;72.1;74.6;76.7;;79.0;81.2;84.5;86.7;86.7;106.4;126.1;113.3;168.1;186.3;112.0;118.3;109.2;102.4;117.8;130.1;119.5;123.8;132.2;134.7;141.1;145.0;155.3;131.0;..;..;..;..;..;..;..;..;..;..;..;..;..;..;..;..;..;..;..;..;..;..;454.1;491.2;507.5;517.1;555.2;537.2;589.5;556.6;576.5;592.1;..
South Africa;529.6;543.0;560.7;601.6;642.7;681.1;718.1;;775.2;813.5;887.2;948.6;1,016.5;1,034.5;1,364.2;1,650.5;1,664.5;1,554.0;1,666.5;1,846.9;2,196.7;3,034.7;3,080.8;2,769.1;3,019.1;2,590.0;1,909.7;2,103.2;2,672.7;2,780.6;2,794.4;3,160.9;3,304.8;3,519.0;3,461.3;3,548.0;3,904.3;3,654.9;3,731.4;3,336.4;3,267.9;3,241.7;2,867.5;2,708.4;4,095.7;5,268.3;5,893.2;6,139.6;6,662.1;6,251.9;6,444.2;8,059.6;8,737.0;8,173.9;7,441.2;6,965.1;6,204.9;5,735.1;6,734.5;7,067.7;6,702.5;5,753.1;7,073.6;6,766.5;..
South Sudan;..;..;..;..;..;..;..;;..;..;..;..;..;..;..;..;..;..;..;..;..;..;..;..;..;..;..;..;..;..;..;..;..;..;..;..;..;..;..;..;..;..;..;..;..;..;..;..;..;1,653.0;1,325.3;1,503.1;1,455.4;1,114.9;1,659.1;1,245.1;1,071.8;..;..;..;..;..;..;..;..
Spain;396.4;450.1;520.2;609.5;675.2;774.8;889.7;;968.3;950.5;1,077.7;1,212.3;1,362.2;1,708.8;2,247.6;2,749.9;3,209.8;3,279.3;3,627.6;4,356.4;5,770.2;6,208.6;5,371.2;5,159.7;4,478.5;4,490.0;4,699.7;6,513.5;8,239.6;9,703.1;10,682.0;13,804.9;14,811.9;16,112.2;13,339.9;13,415.3;15,472.0;16,109.1;14,730.8;15,394.4;15,720.6;14,749.7;15,369.0;17,106.7;21,510.8;24,907.0;26,429.2;28,389.1;32,591.4;35,510.7;32,169.5;30,532.5;31,677.9;28,322.9;29,077.2;29,513.7;25,754.4;26,537.2;28,185.3;30,379.7;29,581.5;26,984.3;30,488.8;29,674.5;..
Sri Lanka;144.1;144.1;139.7;118.0;121.6;153.9;155.0;;160.7;152.1;162.2;185.4;187.2;197.8;218.4;266.4;277.5;258.2;289.9;189.6;229.2;269.3;290.5;308.9;330.0;380.7;371.5;392.5;403.8;416.0;411.2;466.9;516.8;550.5;580.0;650.6;716.8;758.5;818.0;851.0;838.6;869.8;832.4;865.3;978.2;1,060.1;1,240.5;1,423.2;1,611.2;2,007.0;2,053.8;2,837.0;3,248.0;3,351.9;3,643.8;3,885.6;3,990.4;4,107.8;4,388.2;4,360.6;4,082.7;3,852.4;3,996.6;3,354.4;..
St. Kitts and Nevis;218.3;221.9;226.4;235.9;251.9;261.3;285.5;;339.8;305.6;343.6;362.5;440.2;516.6;546.9;715.3;760.2;688.1;1,020.5;1,137.3;1,359.6;1,588.5;1,883.2;2,010.1;2,039.3;2,326.7;2,634.0;3,119.8;3,550.2;4,179.3;4,696.5;5,346.5;5,439.8;5,920.2;6,363.7;7,027.4;7,367.5;7,748.7;8,581.7;8,665.1;9,070.7;9,276.0;9,973.6;10,398.5;10,119.7;10,882.4;11,711.2;13,747.8;14,661.0;16,491.9;16,374.3;16,427.6;17,572.0;17,293.8;18,315.9;19,945.3;20,025.7;21,079.5;22,148.5;22,533.9;23,205.0;18,553.7;18,035.4;20,262.3;..
St. Lucia;..;..;..;..;..;..;..;;..;..;..;..;..;..;..;..;..;..;..;..;..;1,400.7;1,569.3;1,452.8;1,534.1;1,925.2;2,142.7;2,522.1;2,745.7;3,098.4;3,464.9;4,073.3;4,253.9;4,603.7;4,608.6;4,740.3;5,008.0;5,123.7;5,184.3;5,593.7;5,825.1;5,847.0;5,558.1;5,562.5;6,056.0;6,494.6;6,866.1;7,618.9;7,975.8;8,528.7;8,259.3;8,672.2;9,110.8;9,231.6;9,542.7;10,007.1;10,290.4;10,574.4;11,270.5;11,563.8;11,773.4;8,951.5;10,916.2;13,030.9;..
St. Martin (French part);..;..;..;..;..;..;..;;..;..;..;..;..;..;..;..;..;..;..;..;..;..;..;..;..;..;..;..;..;..;..;..;..;..;..;..;..;..;..;..;..;..;..;..;..;..;..;..;..;..;..;..;21,344.6;..;..;21,920.0;..;..;..;..;19,691.6;..;20,320.7;..;..
St. Vincent and the Grenadines;155.3;163.4;166.6;154.7;163.9;165.1;173.2;;167.8;160.3;171.4;187.4;201.1;273.6;296.0;319.8;320.0;313.2;467.8;572.7;665.2;766.1;943.6;1,043.9;1,114.6;1,223.8;1,313.2;1,444.0;1,570.9;1,791.0;1,911.9;2,136.8;2,259.5;2,455.0;2,519.8;2,540.2;2,767.8;2,900.4;3,043.2;3,272.6;3,427.5;3,760.1;4,066.1;4,299.4;4,500.9;4,883.3;5,176.1;5,775.1;6,439.0;6,641.5;6,503.1;6,591.0;6,566.5;6,754.4;7,117.6;7,210.6;7,386.7;7,684.8;7,996.6;8,399.7;8,680.3;8,306.4;8,360.1;9,125.3;..
Sudan;100.3;106.2;112.3;111.3;111.2;112.6;112.5;;118.8;120.8;129.6;143.5;152.0;160.1;192.3;238.9;280.3;336.6;404.1;421.6;419.7;429.0;495.5;387.8;354.2;439.6;333.4;408.5;481.3;568.8;842.0;1,301.8;1,678.1;263.0;326.7;459.4;483.7;307.8;388.8;366.1;339.3;378.2;471.4;529.5;607.0;737.1;945.7;1,179.9;1,500.7;1,585.6;1,382.6;1,706.4;1,982.8;1,797.4;1,834.6;2,076.0;2,226.4;2,614.3;3,188.8;769.9;748.0;608.3;749.7;1,102.1;..
Suriname;371.3;387.5;402.9;420.8;433.1;480.1;573.1;;642.3;679.0;706.3;723.6;767.8;784.7;856.5;1,038.9;1,187.1;1,298.7;1,662.7;1,926.0;2,073.6;2,119.4;2,365.2;2,425.2;2,328.6;2,258.1;2,254.8;2,270.8;2,469.3;2,887.1;1,328.7;941.0;1,077.2;964.4;1,015.1;1,419.5;1,591.7;1,940.8;2,045.6;2,405.7;1,883.9;1,978.4;1,711.7;2,206.3;2,529.3;2,906.7;3,474.1;5,031.2;5,562.3;6,616.8;7,176.9;7,999.5;8,009.3;8,923.0;9,124.5;9,199.2;8,907.8;5,705.4;6,112.9;6,730.8;6,690.0;4,796.5;5,026.9;5,858.8;..
Eswatini;101.7;121.9;127.2;146.5;171.7;181.0;192.7;;182.5;189.8;244.4;253.2;300.0;313.9;461.7;534.4;565.8;518.7;560.7;608.0;711.6;905.5;926.3;847.3;847.2;730.1;512.6;615.1;769.9;871.1;843.8;1,305.2;1,299.4;1,388.7;1,423.4;1,488.1;1,781.7;1,646.2;1,732.8;1,568.8;1,520.0;1,686.7;1,481.2;1,363.0;2,075.6;2,599.2;2,965.0;3,053.9;3,200.5;3,022.5;3,270.1;4,035.5;4,361.0;4,396.6;4,111.1;3,928.5;3,583.3;3,340.0;3,824.0;4,021.4;3,818.5;3,372.9;4,068.6;3,986.9;..
Sweden;2,114.0;2,288.9;2,468.7;2,657.0;2,941.0;3,206.1;3,454.4;;3,720.9;3,926.4;4,234.2;4,736.2;5,132.7;6,027.1;7,301.2;8,089.9;10,117.3;10,868.3;11,448.6;12,620.5;14,877.2;17,097.8;15,586.4;13,739.0;12,608.2;13,099.0;13,666.9;17,981.0;21,792.6;24,534.7;25,662.2;30,593.7;31,822.8;32,801.0;24,425.3;26,083.6;30,283.0;32,999.0;30,312.5;30,596.5;30,941.1;29,624.9;27,247.9;29,899.2;37,321.8;42,821.7;43,437.1;46,593.6;53,700.0;56,152.6;46,947.0;52,869.0;60,755.8;58,037.8;61,126.9;60,020.4;51,545.5;51,965.2;53,791.5;54,589.1;51,939.4;52,837.9;61,417.7;56,424.3;..
Switzerland;1,787.4;1,971.3;2,131.4;2,294.2;2,501.3;2,620.5;2,784.7;;2,960.7;3,121.9;3,344.8;..;..;..;..;..;..;..;..;..;..;19,393.9;17,665.0;18,000.0;17,859.2;16,991.2;17,152.1;24,459.9;30,440.5;32,690.4;31,308.7;39,574.5;39,544.5;40,713.7;39,237.1;43,091.8;50,113.8;48,092.6;41,584.4;42,680.6;41,695.7;38,865.0;39,638.8;42,458.7;49,335.7;54,659.5;56,242.9;59,011.0;64,989.2;74,175.2;71,568.3;76,531.4;90,476.8;85,836.2;87,304.3;88,725.0;83,806.4;82,153.1;82,254.4;85,217.4;84,121.9;85,897.8;93,446.4;93,259.9;..
Syrian Arab Republic;186.0;198.9;226.9;237.9;257.5;247.7;238.4;;252.3;264.2;294.0;281.7;320.8;356.9;368.3;585.9;742.5;827.2;857.1;993.0;1,154.5;1,467.9;1,820.9;1,842.7;1,898.5;1,885.0;2,011.6;2,334.2;2,884.3;1,421.7;1,546.4;1,926.4;2,171.5;2,516.4;2,722.9;3,238.4;3,553.7;4,184.3;4,397.5;4,542.9;4,589.0;4,941.9;5,187.2;5,276.1;5,433.6;6,241.1;7,221.6;7,914.8;8,695.8;10,156.0;10,288.1;11,304.6;2,971.3;1,910.6;993.7;1,071.2;857.5;664.3;862.3;1,111.9;1,124.5;537.1;420.6;..;..
Tajikistan;..;..;..;..;..;..;..;;..;..;..;..;..;..;..;..;..;..;..;..;..;..;..;..;..;..;..;..;..;..;..;485.3;456.5;337.5;288.0;262.2;208.2;172.9;150.6;214.4;175.6;137.2;168.6;186.7;233.1;305.3;333.7;401.0;517.4;704.7;666.7;740.3;837.9;959.4;1,038.3;1,094.4;970.4;801.4;844.4;850.7;889.0;852.3;916.7;1,054.2;..
Tanzania;..;..;..;..;..;..;..;;..;..;..;..;..;..;..;..;..;..;..;..;..;..;..;..;..;..;..;..;..;211.1;178.1;167.1;189.6;171.6;153.9;156.8;176.9;214.6;248.7;387.0;390.4;399.5;394.4;400.2;419.6;447.6;480.2;472.6;539.5;671.2;688.7;730.8;768.9;854.5;954.7;1,013.4;929.8;942.9;975.9;1,011.6;1,050.9;1,104.2;1,146.0;1,192.8;..
Thailand;103.8;110.7;117.2;121.6;129.6;141.9;165.6;;171.7;179.9;192.5;198.0;200.4;216.1;278.8;343.4;363.8;405.5;461.7;548.0;611.5;707.4;745.7;767.1;822.7;842.1;768.9;836.1;963.0;1,154.6;1,330.0;1,545.3;1,751.1;1,957.4;2,230.8;2,502.7;2,848.6;3,039.9;2,462.4;1,841.0;2,028.6;2,004.1;1,890.0;2,091.2;2,350.8;2,647.3;2,876.2;3,343.8;3,934.7;4,327.8;4,154.2;4,996.4;5,396.6;5,748.6;6,041.1;5,822.4;5,708.8;5,854.5;6,436.8;7,124.6;7,628.6;7,001.8;7,060.9;6,910.0;..
Timor-Leste;..;..;..;..;..;..;..;;..;..;..;..;..;..;..;..;..;..;..;..;..;..;..;..;..;..;..;..;..;..;..;..;..;..;..;..;..;..;..;..;..;417.7;534.7;516.1;529.2;465.9;476.9;456.3;532.5;621.7;682.2;810.2;936.7;1,020.1;1,201.6;1,221.7;1,322.9;1,349.5;1,285.5;1,241.2;1,583.1;1,663.6;2,742.0;2,389.3;..
Togo;73.4;75.3;77.5;82.5;93.7;102.9;114.8;;118.4;118.7;126.3;115.6;126.4;144.0;170.0;228.7;246.0;241.0;295.5;306.0;323.0;400.4;328.9;271.8;244.9;222.2;228.5;308.5;352.4;377.4;359.5;420.1;401.6;412.3;302.4;240.1;306.0;329.6;326.4;335.7;323.9;297.9;288.1;323.1;390.3;406.1;399.4;400.3;621.7;735.9;738.0;722.2;803.5;781.6;847.4;877.2;770.1;792.4;813.4;873.6;848.3;886.7;976.7;942.6;..
Tonga;..;..;..;..;..;..;..;;..;..;..;..;..;..;..;..;347.8;316.4;356.2;432.0;462.8;550.7;642.7;640.3;627.6;662.2;618.8;702.5;838.5;1,089.0;1,081.0;1,150.3;1,335.2;1,380.9;1,392.0;1,965.2;2,089.2;2,216.7;2,135.9;1,889.7;1,953.4;1,996.5;1,754.8;1,760.7;1,937.0;2,196.0;2,478.4;2,752.0;2,799.4;3,221.1;2,915.5;3,416.1;3,852.1;4,378.6;4,208.2;4,125.4;4,117.9;3,978.4;4,367.3;4,649.6;4,879.0;4,606.0;4,426.0;..;..
Trinidad and Tobago;632.4;676.2;702.6;755.6;779.4;793.3;767.8;;797.3;784.2;796.2;831.1;896.6;1,069.4;1,274.9;1,962.9;2,317.5;2,341.9;2,901.6;3,248.6;4,137.7;5,528.9;6,118.9;7,034.9;6,628.5;6,547.5;6,147.7;3,941.6;3,896.1;3,613.0;3,441.4;4,001.5;4,159.1;4,231.5;3,608.6;3,801.5;4,074.9;4,385.1;4,352.8;4,569.7;5,130.9;6,120.9;6,592.8;6,692.8;8,352.5;9,756.5;11,673.8;13,340.9;15,627.3;20,011.1;13,682.8;15,711.6;17,910.3;19,110.1;19,927.4;20,473.4;18,508.8;16,139.1;16,258.7;16,328.1;15,642.4;13,705.9;16,056.3;19,629.5;..
Tunisia;..;..;..;..;..;222.3;228.8;;232.9;253.8;262.4;285.1;325.2;420.6;499.8;631.7;750.4;760.2;838.6;954.2;1,120.4;1,329.3;1,249.8;1,176.2;1,177.6;1,134.0;1,124.9;1,174.9;1,231.4;1,251.3;1,223.5;1,456.2;1,516.3;1,760.5;1,627.3;1,709.8;1,940.0;2,077.0;2,170.6;2,253.0;2,344.0;2,170.5;2,207.7;2,292.5;2,693.2;3,029.8;3,106.6;3,279.1;3,678.1;4,200.2;4,029.5;4,241.0;4,361.9;4,233.9;4,308.3;4,398.6;3,960.9;3,796.1;3,569.7;3,577.2;3,477.8;3,497.7;3,807.2;3,747.4;..
Turkiye;275.0;282.7;307.3;347.2;365.1;381.4;438.3;;473.7;516.5;560.6;502.6;444.6;555.3;683.7;911.2;1,160.5;1,270.3;1,418.0;1,558.5;2,075.0;1,561.0;1,582.4;1,400.9;1,314.2;1,245.9;1,367.2;1,506.7;1,701.3;1,738.4;2,009.7;2,773.3;2,730.1;2,825.9;3,148.8;2,240.6;2,855.0;3,009.7;3,098.7;4,433.4;4,057.8;4,278.3;3,100.5;3,640.8;4,704.8;6,031.8;7,369.4;8,003.8;9,711.2;10,843.5;9,013.0;10,622.7;11,300.8;11,713.3;12,578.2;12,165.2;11,050.0;10,970.0;10,695.6;9,568.8;9,215.4;8,638.7;9,743.2;10,674.5;..
Turkmenistan;..;..;..;..;..;..;..;;..;..;..;..;..;..;..;..;..;..;..;..;..;..;..;..;..;..;..;..;728.8;765.9;773.2;806.4;771.9;815.0;789.0;619.6;587.3;553.1;561.5;588.0;544.4;635.7;762.6;949.6;1,256.0;1,418.8;1,658.7;2,074.4;2,520.3;3,778.7;3,901.7;4,286.9;5,453.2;6,441.9;7,049.8;7,685.5;6,208.3;6,163.3;6,354.5;6,721.3;7,344.9;7,330.4;7,885.3;8,792.5;..
Turks and Caicos Islands;..;..;..;..;..;..;..;;..;..;..;..;..;..;..;..;..;..;..;..;..;..;..;..;..;..;..;..;..;..;..;..;..;..;..;..;..;..;..;..;..;..;18,323.9;17,803.1;18,848.8;21,233.9;24,115.3;28,728.6;29,446.1;31,459.5;24,602.9;23,103.9;23,649.7;22,666.4;22,451.6;24,040.9;25,783.3;26,995.0;25,659.2;26,832.0;27,795.1;20,882.3;23,158.6;24,917.6;..
Tuvalu;..;..;..;..;..;..;..;;..;..;..;..;..;..;..;..;..;..;..;..;..;..;..;..;..;..;..;..;..;..;..;961.1;1,001.2;1,029.2;1,012.0;1,138.9;1,150.3;1,283.4;1,318.9;1,324.2;1,419.8;1,564.0;1,451.5;1,752.8;2,012.4;2,328.5;2,311.3;2,402.5;2,803.2;3,103.0;2,697.6;3,043.2;3,663.3;3,625.0;3,536.9;3,556.4;3,384.4;3,836.1;4,181.4;4,419.3;4,940.1;4,674.9;5,372.8;5,221.5;..
Uganda;55.5;56.3;55.6;62.1;68.8;100.2;101.6;;103.0;107.0;116.8;122.1;133.5;137.0;152.7;183.7;201.1;203.2;237.4;190.5;164.4;93.7;98.6;156.9;157.4;247.3;234.0;253.3;392.5;394.7;309.9;244.8;182.8;152.0;165.5;198.3;278.3;284.5;286.6;292.2;257.7;257.8;235.9;241.9;250.7;292.5;330.6;346.8;401.7;473.3;799.9;824.7;837.1;796.7;819.8;897.5;864.2;753.7;766.2;793.1;823.0;846.9;883.5;964.4;..
Ukraine;..;..;..;..;..;..;..;;..;..;..;..;..;..;..;..;..;..;..;..;..;..;..;..;..;..;..;..;1,265.4;1,452.7;1,559.3;1,532.5;1,474.3;1,417.2;1,258.1;1,012.1;936.0;872.7;991.2;835.2;635.8;658.3;807.8;911.9;1,087.8;1,416.6;1,894.5;2,391.3;3,197.9;4,066.5;2,639.4;3,078.4;3,704.8;4,004.8;4,187.7;3,104.7;2,124.7;2,187.7;2,638.3;3,096.6;3,661.5;3,751.7;4,827.8;4,534.0;..
United Arab Emirates;..;..;..;..;..;..;..;;..;..;..;..;..;..;..;..;27,090.3;31,282.8;35,186.2;29,526.6;34,372.4;42,995.2;44,841.2;39,921.6;34,586.5;31,955.2;29,432.8;23,111.4;23,088.2;21,545.5;23,141.0;26,682.8;25,668.5;25,630.1;25,019.4;25,463.5;27,010.7;28,596.5;28,709.2;25,905.8;27,261.9;31,855.5;29,909.0;30,222.0;32,607.4;37,017.7;42,190.6;45,339.6;43,918.4;45,140.8;31,722.6;35,392.3;42,078.6;44,386.8;45,729.6;46,866.0;41,525.1;41,054.5;43,064.0;46,722.3;45,376.2;37,629.2;44,332.3;53,708.0;..
United Kingdom;1,397.6;1,472.4;1,525.8;1,613.5;1,748.3;1,873.6;1,986.7;;2,058.8;1,951.8;2,100.7;2,347.5;2,649.8;3,030.4;3,426.3;3,665.9;4,299.7;4,138.2;4,681.4;5,976.9;7,804.8;10,032.1;9,599.3;9,146.1;8,691.5;8,179.2;8,652.2;10,611.1;13,118.6;15,987.2;16,239.3;19,095.5;19,900.7;20,487.2;18,389.0;19,709.2;23,169.0;24,406.4;26,766.0;28,274.5;28,762.1;28,280.9;27,906.6;30,077.7;34,442.7;40,366.9;42,104.8;44,512.5;50,397.7;47,396.1;38,744.1;39,599.0;42,109.6;42,497.3;43,426.3;47,439.6;44,964.4;40,985.2;40,572.1;43,203.8;42,662.5;40,217.0;46,869.8;46,125.3;..
United States;3,007.1;3,066.6;3,243.8;3,374.5;3,573.9;3,827.5;4,146.3;;4,336.4;4,695.9;5,032.1;5,234.3;5,609.4;6,094.0;6,726.4;7,225.7;7,801.5;8,592.3;9,452.6;10,564.9;11,674.2;12,574.8;13,976.1;14,433.8;15,543.9;17,121.2;18,236.8;19,071.2;20,038.9;21,417.0;22,857.2;23,888.6;24,342.3;25,419.0;26,387.3;27,694.9;28,690.9;29,967.7;31,459.1;32,853.7;34,515.4;36,330.0;37,133.6;37,997.8;39,490.3;41,724.6;44,123.4;46,302.0;48,050.2;48,570.0;47,194.9;48,650.6;50,066.0;51,784.4;53,291.1;55,123.8;56,762.7;57,866.7;59,907.8;62,823.3;65,120.4;63,528.6;70,219.5;76,329.6;..
Uruguay;477.8;624.7;680.3;592.2;743.0;706.3;667.0;;584.6;578.2;722.6;765.9;1,000.6;775.8;1,397.7;1,433.8;1,231.9;1,268.6;1,414.2;1,678.3;2,442.1;3,440.5;3,725.0;3,081.0;1,704.6;1,612.3;1,564.7;1,933.5;2,408.6;2,668.7;2,724.1;2,983.2;3,574.1;4,083.5;4,729.9;5,478.0;6,014.9;6,358.2;7,386.5;7,780.7;7,314.5;6,932.5;6,331.2;4,115.2;3,638.9;4,130.1;5,233.5;5,942.1;7,149.4;9,328.1;9,780.7;12,512.6;14,975.6;16,087.3;18,140.9;18,131.6;16,950.8;16,837.9;18,995.4;19,026.0;18,098.4;15,650.5;17,924.0;20,795.0;..
Uzbekistan;..;..;..;..;..;..;..;;..;..;..;..;..;..;..;..;..;..;..;..;..;..;..;..;..;..;..;..;..;..;..;651.4;652.8;603.4;597.0;576.4;585.9;600.6;623.0;623.2;702.5;558.2;456.7;383.3;396.4;465.1;546.8;654.3;830.4;1,082.3;1,213.3;1,742.3;2,051.1;2,267.6;2,419.7;2,628.5;2,754.0;2,704.7;1,916.8;1,604.3;1,795.2;1,759.3;1,993.4;2,255.2;..
Vanuatu;..;..;..;..;..;..;..;;..;..;..;..;..;..;..;..;..;..;..;..;1,033.9;1,025.6;941.2;925.3;926.2;1,112.5;990.5;926.8;996.5;1,103.3;1,046.4;1,119.3;1,301.6;1,318.5;1,233.4;1,403.1;1,461.4;1,496.0;1,525.0;1,432.6;1,429.9;1,416.2;1,309.0;1,299.2;1,517.3;1,718.3;1,814.8;1,970.9;2,261.5;2,525.1;2,472.5;2,732.6;3,064.8;2,906.3;2,877.4;2,861.2;2,643.9;2,757.2;3,032.2;3,076.8;3,076.6;2,917.8;3,044.6;3,231.4;..
Venezuela, RB;939.6;954.4;1,006.9;1,060.6;874.2;869.9;877.2;;894.7;940.2;934.0;1,018.1;1,109.4;1,158.9;1,371.1;2,039.7;2,084.4;2,316.0;2,592.9;2,735.4;3,266.8;3,886.6;4,241.3;4,214.7;4,091.9;3,531.3;3,560.8;3,388.2;2,620.4;3,203.4;2,258.7;2,461.0;2,642.8;2,918.6;2,835.7;2,699.5;3,500.6;3,125.2;3,726.0;3,886.0;4,087.8;4,795.6;4,940.1;3,667.2;3,243.4;4,287.6;5,456.3;6,769.9;8,369.2;11,310.8;11,641.8;13,692.9;10,877.1;12,937.9;12,434.0;15,975.7;..;..;..;..;..;..;..;..;..
Viet Nam;..;..;..;..;..;..;..;;..;..;..;..;..;..;..;..;..;..;..;..;..;..;..;..;..;..;235.7;430.2;585.3;397.0;96.1;96.7;140.6;141.4;185.2;224.6;281.1;329.0;352.9;352.8;367.2;394.6;409.5;434.8;485.5;551.9;693.2;790.6;913.3;1,158.1;1,225.8;1,684.0;1,953.6;2,190.2;2,367.5;2,558.8;2,595.2;2,760.7;2,992.1;3,267.2;3,491.1;3,586.3;3,756.5;4,163.5;..
Virgin Islands (U.S.);..;..;..;..;..;..;..;;..;..;..;..;..;..;..;..;..;..;..;..;..;..;..;..;..;..;..;..;..;..;..;..;..;..;..;..;..;..;..;..;..;..;..;30,062.0;31,731.3;35,006.4;40,828.7;41,377.1;44,158.5;39,152.4;38,753.2;39,905.1;38,997.1;37,795.3;34,598.0;33,045.4;34,007.4;35,325.0;35,365.1;36,663.2;38,633.5;39,411.0;41,976.0;..;..
West Bank and Gaza;..;..;..;..;..;..;..;;..;..;..;..;..;..;..;..;..;..;..;..;..;..;..;..;..;..;..;..;..;..;..;..;..;..;..;1,201.6;1,326.6;1,317.5;1,389.2;1,465.0;1,499.5;1,476.2;1,335.6;1,156.2;1,257.7;1,422.2;1,543.7;1,570.1;1,664.2;2,035.2;2,191.8;2,557.1;2,880.8;3,067.4;3,315.3;3,352.1;3,272.2;3,527.6;3,620.4;3,562.3;3,656.9;3,233.6;3,678.6;3,789.3;..
Yemen, Rep.;..;..;..;..;..;..;..;;..;..;..;..;..;..;..;..;..;..;..;..;..;..;..;..;..;..;..;..;..;..;..;945.3;1,055.4;1,244.3;1,450.3;1,801.5;794.6;391.0;399.7;359.0;421.7;519.6;514.7;543.9;583.4;668.9;784.8;867.8;956.2;1,153.5;1,045.8;1,249.1;1,284.6;1,350.0;1,497.7;1,557.6;1,488.4;1,069.8;893.7;701.7;693.8;578.5;543.6;650.3;..
Zambia;228.6;216.3;208.6;209.5;236.9;296.0;334.7;;350.7;398.6;472.6;426.3;383.4;414.1;523.4;608.3;495.5;540.0;480.5;521.2;604.1;678.8;679.3;635.4;527.9;419.2;336.8;241.5;319.3;511.2;533.2;427.4;428.5;394.1;395.8;431.5;438.4;404.1;471.2;377.5;353.8;364.0;401.7;399.1;452.3;556.1;720.4;1,065.6;1,133.4;1,393.5;1,150.9;1,469.4;1,644.5;1,729.6;1,840.3;1,724.6;1,307.9;1,249.9;1,495.8;1,475.2;1,268.1;956.8;1,134.7;1,456.9;..
Zimbabwe;276.6;279.3;276.0;277.5;282.4;294.9;279.3;;295.1;302.8;346.5;362.1;406.2;484.0;579.3;674.5;716.9;686.7;676.3;664.4;777.9;947.4;1,067.3;1,094.3;957.8;756.3;648.7;692.1;726.6;816.7;841.6;868.5;832.7;634.4;608.0;634.6;646.8;765.2;750.7;554.4;585.3;565.3;569.0;529.2;474.3;477.4;470.8;441.5;425.0;351.8;762.3;937.8;1,082.6;1,290.2;1,408.4;1,407.0;1,410.3;1,421.8;1,192.1;2,269.2;1,421.9;1,372.7;1,773.9;1,676.8;..
"Created from: World Development Indicators
Series : GDP per capita (current US$)



";;;;;;;;;;;;;;;;;;;;;;;;;;;;;;;;;;;;;;;;;;;;;;;;;;;;;;;;;;;;;;;;;